parameter,description,unit,type
time,Acquisition time,sec,float
aorta,Signal intensity in the aorta,a.u.,float
LK,Signal intensity in the left kidney,a.u.,float
RK,Signal intensity in the right kidney,a.u.,float
LK vol,Volume of the left kidney,mL,float
RK vol,Volume of the right kidney,mL,float
LK iso-SK-GFR,Radio-isotope SK-GFR for the left kidney,mL/min,float
RK iso-SK-GFR,Radio-isotope SK-GFR for the right kidney,mL/min,float
LK T1,Precontrast T1-value of the left kidney,sec,float
RK T1,Precontrast T1-value of the right kidney,sec,float
TR,Repetition time or time between rf-pulses,sec,float
FA,Flip angle,deg,float
n0,Number of precontrast acquisitions,,int
field_strength,Magnetic field strength of the scanner,T,float
agent,Contrast agent generic name,,str
dose,Contrast agent dose injected,mmol/kg,float
rate,Rate of contrast agent injection,mL/sec,float
weight,Participant weight,kg,float
