subject,study,parameter,value,stdev
1,post,TR,0.005,
1,pre,TR,0.005,
2,pre,TR,0.005,
5,post,TR,0.005,
5,pre,TR,0.005,
7,pre,TR,0.005,
8,pre,TR,0.005,
11,pre,TR,0.005,
15,post,TR,0.005,
15,pre,TR,0.005,
17,pre,TR,0.005,
19,pre,TR,0.005,
20,post,TR,0.005,
22,post,TR,0.005,
22,pre,TR,0.005,
24,pre,TR,0.005,
25,post,TR,0.005,
25,pre,TR,0.005,
28,pre,TR,0.005,
29,post,TR,0.005,
29,pre,TR,0.005,
31,post,TR,0.005,
31,pre,TR,0.005,
33,pre,TR,0.005,
34,pre,TR,0.005,
37,pre,TR,0.005,
38,pre,TR,0.005,
39,post,TR,0.005,
39,pre,TR,0.005,
41,pre,TR,0.005,
42,pre,TR,0.005,
45,pre,TR,0.005,
46,post,TR,0.005,
47,post,TR,0.005,
47,pre,TR,0.005,
48,post,TR,0.005,
48,pre,TR,0.005,
49,pre,TR,0.005,
50,post,TR,0.005,
50,pre,TR,0.005,
51,pre,TR,0.005,
54,pre,TR,0.005,
58,pre,TR,0.005,
60,pre,TR,0.005,
61,pre,TR,0.005,
62,pre,TR,0.005,
63,pre,TR,0.005,
64,pre,TR,0.005,
65,pre,TR,0.005,
66,pre,TR,0.005,
67,pre,TR,0.005,
68,pre,TR,0.005,
69,pre,TR,0.005,
70,pre,TR,0.005,
71,pre,TR,0.005,
72,pre,TR,0.005,
73,pre,TR,0.005,
74,pre,TR,0.005,
75,pre,TR,0.005,
76,pre,TR,0.005,
77,pre,TR,0.005,
78,pre,TR,0.005,
79,post,TR,0.005,
79,pre,TR,0.005,
80,post,TR,0.005,
80,pre,TR,0.005,
82,post,TR,0.005,
84,pre,TR,0.005,
93,pre,TR,0.005,
94,pre,TR,0.005,
97,pre,TR,0.005,
98,post,TR,0.005,
98,pre,TR,0.005,
3,pre,TR,0.0054,
4,pre,TR,0.0054,
6,pre,TR,0.0054,
9,pre,TR,0.0054,
10,pre,TR,0.0054,
12,pre,TR,0.0054,
13,pre,TR,0.0054,
14,pre,TR,0.0054,
16,pre,TR,0.0054,
18,pre,TR,0.0054,
21,pre,TR,0.0054,
23,pre,TR,0.0054,
26,pre,TR,0.0054,
27,pre,TR,0.0054,
30,pre,TR,0.0054,
32,pre,TR,0.0054,
35,pre,TR,0.0054,
36,pre,TR,0.0054,
40,pre,TR,0.0054,
43,pre,TR,0.0054,
44,pre,TR,0.0054,
52,pre,TR,0.0054,
53,pre,TR,0.0054,
55,pre,TR,0.0054,
56,pre,TR,0.0054,
57,pre,TR,0.0054,
59,pre,TR,0.0054,
81,pre,TR,0.0054,
83,pre,TR,0.0054,
85,pre,TR,0.0054,
86,pre,TR,0.0054,
87,pre,TR,0.0054,
88,pre,TR,0.0054,
89,pre,TR,0.0054,
90,pre,TR,0.0054,
91,pre,TR,0.0054,
92,pre,TR,0.0054,
95,pre,TR,0.0054,
96,pre,TR,0.0054,
99,pre,TR,0.0054,
100,pre,TR,0.0054,
85,pre,LK iso-SK-GFR,0.007166667,
91,pre,RK iso-SK-GFR,0.008333333,
12,pre,LK iso-SK-GFR,0.01,
65,pre,RK iso-SK-GFR,0.02,
92,pre,RK iso-SK-GFR,0.0215,
61,pre,LK iso-SK-GFR,0.023333333,
95,pre,LK iso-SK-GFR,0.028333333,
83,pre,LK iso-SK-GFR,0.028833333,
1,pre,RK iso-SK-GFR,0.031166667,
78,pre,LK iso-SK-GFR,0.031666667,
31,pre,RK iso-SK-GFR,0.032833333,
66,pre,RK iso-SK-GFR,0.033333333,
18,pre,LK iso-SK-GFR,0.035,
59,pre,LK iso-SK-GFR,0.035,
70,pre,RK iso-SK-GFR,0.043333333,
5,post,RK iso-SK-GFR,0.045833333,
21,pre,RK iso-SK-GFR,0.046666667,
89,pre,RK iso-SK-GFR,0.048333333,
1,post,dose,0.05,
1,pre,dose,0.05,
2,pre,dose,0.05,
5,post,dose,0.05,
5,pre,dose,0.05,
7,pre,dose,0.05,
8,pre,dose,0.05,
11,pre,dose,0.05,
15,post,dose,0.05,
15,pre,dose,0.05,
17,pre,dose,0.05,
19,pre,dose,0.05,
20,post,dose,0.05,
22,post,dose,0.05,
22,pre,dose,0.05,
24,pre,dose,0.05,
25,post,dose,0.05,
25,pre,dose,0.05,
28,pre,dose,0.05,
29,post,dose,0.05,
29,pre,dose,0.05,
31,post,dose,0.05,
31,pre,dose,0.05,
33,pre,dose,0.05,
34,pre,dose,0.05,
37,pre,dose,0.05,
38,pre,dose,0.05,
39,post,dose,0.05,
39,pre,dose,0.05,
41,pre,dose,0.05,
42,pre,dose,0.05,
45,pre,dose,0.05,
46,post,dose,0.05,
47,post,dose,0.05,
47,pre,dose,0.05,
48,post,dose,0.05,
48,pre,dose,0.05,
49,pre,dose,0.05,
50,post,dose,0.05,
50,pre,dose,0.05,
51,pre,dose,0.05,
54,pre,dose,0.05,
58,pre,dose,0.05,
60,pre,dose,0.05,
61,pre,dose,0.05,
62,pre,dose,0.05,
63,pre,dose,0.05,
64,pre,dose,0.05,
65,pre,dose,0.05,
66,pre,dose,0.05,
67,pre,dose,0.05,
68,pre,dose,0.05,
69,pre,dose,0.05,
70,pre,dose,0.05,
71,pre,dose,0.05,
72,pre,dose,0.05,
73,pre,dose,0.05,
74,pre,dose,0.05,
75,pre,dose,0.05,
76,pre,dose,0.05,
77,pre,dose,0.05,
78,pre,dose,0.05,
79,post,dose,0.05,
79,pre,dose,0.05,
80,post,dose,0.05,
80,pre,dose,0.05,
82,post,dose,0.05,
84,pre,dose,0.05,
93,pre,dose,0.05,
94,pre,dose,0.05,
97,pre,dose,0.05,
98,post,dose,0.05,
98,pre,dose,0.05,
100,pre,RK iso-SK-GFR,0.05,
10,pre,RK iso-SK-GFR,0.055333333,
14,pre,LK iso-SK-GFR,0.061666667,
90,pre,RK iso-SK-GFR,0.063333333,
31,post,RK iso-SK-GFR,0.067,
26,pre,LK iso-SK-GFR,0.07,
1,post,RK iso-SK-GFR,0.070333333,
46,post,LK iso-SK-GFR,0.071956647,
23,pre,LK iso-SK-GFR,0.073333333,
32,pre,LK iso-SK-GFR,0.075,
96,pre,LK iso-SK-GFR,0.078,
32,pre,RK iso-SK-GFR,0.083333333,
5,pre,RK iso-SK-GFR,0.0865,
27,pre,RK iso-SK-GFR,0.09,
35,pre,RK iso-SK-GFR,0.091666667,
13,pre,LK iso-SK-GFR,0.093333333,
48,post,LK iso-SK-GFR,0.093333333,
35,pre,LK iso-SK-GFR,0.095,
20,post,LK iso-SK-GFR,0.097319846,
49,pre,LK iso-SK-GFR,0.097387283,
3,pre,dose,0.1,
4,pre,dose,0.1,
6,pre,dose,0.1,
9,pre,dose,0.1,
10,pre,dose,0.1,
12,pre,dose,0.1,
13,pre,dose,0.1,
14,pre,dose,0.1,
16,pre,dose,0.1,
18,pre,dose,0.1,
21,pre,dose,0.1,
23,pre,dose,0.1,
26,pre,dose,0.1,
27,pre,dose,0.1,
30,pre,dose,0.1,
32,pre,dose,0.1,
35,pre,dose,0.1,
36,pre,dose,0.1,
40,pre,dose,0.1,
43,pre,dose,0.1,
44,pre,dose,0.1,
52,pre,dose,0.1,
53,pre,dose,0.1,
55,pre,dose,0.1,
56,pre,dose,0.1,
57,pre,dose,0.1,
59,pre,dose,0.1,
81,pre,dose,0.1,
83,pre,dose,0.1,
85,pre,dose,0.1,
86,pre,dose,0.1,
87,pre,dose,0.1,
88,pre,dose,0.1,
89,pre,dose,0.1,
90,pre,dose,0.1,
91,pre,dose,0.1,
92,pre,dose,0.1,
95,pre,dose,0.1,
96,pre,dose,0.1,
99,pre,dose,0.1,
100,pre,dose,0.1,
48,pre,LK iso-SK-GFR,0.103166667,
52,pre,LK iso-SK-GFR,0.103333333,
10,pre,LK iso-SK-GFR,0.1075,
82,post,RK iso-SK-GFR,0.107687861,
78,pre,RK iso-SK-GFR,0.108333333,
23,pre,RK iso-SK-GFR,0.11,
100,pre,LK iso-SK-GFR,0.111666667,
53,pre,LK iso-SK-GFR,0.116666667,
54,pre,RK iso-SK-GFR,0.117533719,
81,pre,LK iso-SK-GFR,0.12,
40,pre,LK iso-SK-GFR,0.125,
58,pre,LK iso-SK-GFR,0.1285,
9,pre,RK iso-SK-GFR,0.13,
69,pre,LK iso-SK-GFR,0.13,
52,pre,RK iso-SK-GFR,0.133333333,
57,pre,RK iso-SK-GFR,0.136666667,
27,pre,LK iso-SK-GFR,0.14,
44,pre,RK iso-SK-GFR,0.145,
67,pre,LK iso-SK-GFR,0.151666667,
46,post,RK iso-SK-GFR,0.153953757,
69,pre,RK iso-SK-GFR,0.158333333,
26,pre,RK iso-SK-GFR,0.16,
29,pre,RK iso-SK-GFR,0.162,
87,pre,LK iso-SK-GFR,0.166666667,
97,pre,LK iso-SK-GFR,0.168333333,
43,pre,LK iso-SK-GFR,0.171666667,
60,pre,LK iso-SK-GFR,0.171666667,
67,pre,RK iso-SK-GFR,0.176666667,
29,post,RK iso-SK-GFR,0.176833333,
97,pre,RK iso-SK-GFR,0.181666667,
58,pre,RK iso-SK-GFR,0.183833333,
9,pre,LK iso-SK-GFR,0.198333333,
50,post,LK iso-SK-GFR,0.202166667,
72,pre,RK iso-SK-GFR,0.203333333,
91,pre,LK iso-SK-GFR,0.203333333,
95,pre,RK iso-SK-GFR,0.205,
13,pre,RK iso-SK-GFR,0.208333333,
40,pre,RK iso-SK-GFR,0.211666667,
53,pre,RK iso-SK-GFR,0.218333333,
39,post,LK iso-SK-GFR,0.225,
87,pre,RK iso-SK-GFR,0.225,
80,post,RK iso-SK-GFR,0.226666667,
94,pre,RK iso-SK-GFR,0.23,
80,pre,RK iso-SK-GFR,0.231,
39,pre,LK iso-SK-GFR,0.232333333,
76,pre,LK iso-SK-GFR,0.233333333,
50,pre,LK iso-SK-GFR,0.2535,
30,pre,LK iso-SK-GFR,0.256666667,
56,pre,LK iso-SK-GFR,0.258166667,
62,pre,LK iso-SK-GFR,0.261666667,
64,pre,LK iso-SK-GFR,0.261666667,
54,pre,LK iso-SK-GFR,0.263969171,
15,pre,LK iso-SK-GFR,0.267333333,
50,post,RK iso-SK-GFR,0.2695,
43,pre,RK iso-SK-GFR,0.27,
47,pre,RK iso-SK-GFR,0.272166667,
15,post,LK iso-SK-GFR,0.272333333,
21,pre,LK iso-SK-GFR,0.273333333,
79,pre,RK iso-SK-GFR,0.2745,
36,pre,LK iso-SK-GFR,0.275,
86,pre,LK iso-SK-GFR,0.276666667,
1,post,LK iso-SK-GFR,0.27794605,
68,pre,LK iso-SK-GFR,0.28,
74,pre,RK iso-SK-GFR,0.286666667,
77,pre,RK iso-SK-GFR,0.286666667,
5,pre,LK iso-SK-GFR,0.287166667,
56,pre,RK iso-SK-GFR,0.2905,
62,pre,RK iso-SK-GFR,0.295,
64,pre,RK iso-SK-GFR,0.295,
79,post,RK iso-SK-GFR,0.2965,
11,pre,LK iso-SK-GFR,0.296666667,
50,pre,RK iso-SK-GFR,0.2975,
36,pre,RK iso-SK-GFR,0.298333333,
94,pre,LK iso-SK-GFR,0.303333333,
45,pre,LK iso-SK-GFR,0.306666667,
18,pre,RK iso-SK-GFR,0.308333333,
44,pre,LK iso-SK-GFR,0.308333333,
61,pre,RK iso-SK-GFR,0.308333333,
79,pre,LK iso-SK-GFR,0.3105,
60,pre,RK iso-SK-GFR,0.318333333,
88,pre,LK iso-SK-GFR,0.318333333,
79,post,LK iso-SK-GFR,0.319833333,
77,pre,LK iso-SK-GFR,0.323333333,
47,post,RK iso-SK-GFR,0.327333333,
29,post,LK iso-SK-GFR,0.327666667,
83,pre,RK iso-SK-GFR,0.328333333,
20,post,RK iso-SK-GFR,0.33,
75,pre,RK iso-SK-GFR,0.333333333,
22,pre,RK iso-SK-GFR,0.336666667,
57,pre,LK iso-SK-GFR,0.336666667,
12,pre,RK iso-SK-GFR,0.34,
17,pre,RK iso-SK-GFR,0.34,
92,pre,LK iso-SK-GFR,0.3415,
81,pre,RK iso-SK-GFR,0.341666667,
29,pre,LK iso-SK-GFR,0.344333333,
70,pre,LK iso-SK-GFR,0.346666667,
1,pre,LK iso-SK-GFR,0.350666667,
86,pre,RK iso-SK-GFR,0.351666667,
88,pre,RK iso-SK-GFR,0.351666667,
30,pre,RK iso-SK-GFR,0.353333333,
85,pre,RK iso-SK-GFR,0.353333333,
17,pre,LK iso-SK-GFR,0.368333333,
15,post,RK iso-SK-GFR,0.374833333,
14,pre,RK iso-SK-GFR,0.376666667,
66,pre,LK iso-SK-GFR,0.381666667,
15,pre,RK iso-SK-GFR,0.385666667,
47,post,LK iso-SK-GFR,0.385666667,
38,pre,LK iso-SK-GFR,0.388333333,
45,pre,RK iso-SK-GFR,0.405,
47,pre,LK iso-SK-GFR,0.408166667,
22,post,RK iso-SK-GFR,0.41,
76,pre,RK iso-SK-GFR,0.413333333,
28,pre,RK iso-SK-GFR,0.41571869,
25,post,LK iso-SK-GFR,0.418333333,
55,pre,RK iso-SK-GFR,0.421666667,
28,pre,LK iso-SK-GFR,0.433560694,
68,pre,RK iso-SK-GFR,0.436666667,
89,pre,LK iso-SK-GFR,0.436666667,
39,post,RK iso-SK-GFR,0.437,
55,pre,LK iso-SK-GFR,0.438333333,
2,pre,LK iso-SK-GFR,0.451666667,
39,pre,RK iso-SK-GFR,0.4535,
38,pre,RK iso-SK-GFR,0.455,
84,pre,LK iso-SK-GFR,0.46,
82,post,LK iso-SK-GFR,0.461263006,
11,pre,RK iso-SK-GFR,0.463333333,
2,pre,RK iso-SK-GFR,0.47,
73,pre,RK iso-SK-GFR,0.473333333,
99,pre,RK iso-SK-GFR,0.491666667,
7,pre,LK iso-SK-GFR,0.493333333,
73,pre,LK iso-SK-GFR,0.493333333,
19,pre,LK iso-SK-GFR,0.496333333,
84,pre,RK iso-SK-GFR,0.496666667,
72,pre,LK iso-SK-GFR,0.498333333,
93,pre,RK iso-SK-GFR,0.501666667,
71,pre,LK iso-SK-GFR,0.503333333,
71,pre,RK iso-SK-GFR,0.503333333,
51,pre,RK iso-SK-GFR,0.506666667,
98,post,LK iso-SK-GFR,0.510666667,
8,pre,LK iso-SK-GFR,0.511666667,
25,post,RK iso-SK-GFR,0.511666667,
37,pre,LK iso-SK-GFR,0.512166667,
5,post,LK iso-SK-GFR,0.523833333,
48,post,RK iso-SK-GFR,0.527166667,
74,pre,LK iso-SK-GFR,0.531666667,
99,pre,LK iso-SK-GFR,0.531666667,
98,pre,LK iso-SK-GFR,0.547166667,
3,pre,LK iso-SK-GFR,0.548333333,
7,pre,RK iso-SK-GFR,0.5545,
6,pre,LK iso-SK-GFR,0.561666667,
25,pre,LK iso-SK-GFR,0.568,
90,pre,LK iso-SK-GFR,0.568333333,
51,pre,LK iso-SK-GFR,0.571666667,
19,pre,RK iso-SK-GFR,0.582833333,
25,pre,RK iso-SK-GFR,0.591,
41,pre,RK iso-SK-GFR,0.591666667,
75,pre,LK iso-SK-GFR,0.591666667,
37,pre,RK iso-SK-GFR,0.6005,
8,pre,RK iso-SK-GFR,0.601666667,
16,pre,LK iso-SK-GFR,0.608333333,
6,pre,RK iso-SK-GFR,0.613333333,
93,pre,LK iso-SK-GFR,0.613333333,
98,pre,RK iso-SK-GFR,0.641,
65,pre,LK iso-SK-GFR,0.653333333,
63,pre,LK iso-SK-GFR,0.663333333,
41,pre,LK iso-SK-GFR,0.666666667,
4,pre,LK iso-SK-GFR,0.673333333,
98,post,RK iso-SK-GFR,0.675833333,
31,post,LK iso-SK-GFR,0.682666667,
16,pre,RK iso-SK-GFR,0.686666667,
63,pre,RK iso-SK-GFR,0.691666667,
48,pre,RK iso-SK-GFR,0.6925,
42,pre,RK iso-SK-GFR,0.7235,
31,pre,LK iso-SK-GFR,0.785,
42,pre,LK iso-SK-GFR,0.817166667,
80,pre,LK iso-SK-GFR,0.822,
80,post,LK iso-SK-GFR,0.853333333,
33,pre,LK iso-SK-GFR,0.855,
59,pre,RK iso-SK-GFR,0.86,
22,pre,LK iso-SK-GFR,0.864,
22,post,LK iso-SK-GFR,0.873333333,
49,pre,RK iso-SK-GFR,0.876485549,
3,pre,RK iso-SK-GFR,0.895,
34,pre,LK iso-SK-GFR,0.992166667,
3,pre,field_strength,1,
4,pre,field_strength,1,
6,pre,field_strength,1,
9,pre,field_strength,1,
10,pre,field_strength,1,
12,pre,field_strength,1,
13,pre,field_strength,1,
14,pre,field_strength,1,
16,pre,field_strength,1,
18,pre,field_strength,1,
21,pre,field_strength,1,
23,pre,field_strength,1,
26,pre,field_strength,1,
27,pre,field_strength,1,
30,pre,field_strength,1,
32,pre,field_strength,1,
35,pre,field_strength,1,
36,pre,field_strength,1,
40,pre,field_strength,1,
43,pre,field_strength,1,
44,pre,field_strength,1,
52,pre,field_strength,1,
53,pre,field_strength,1,
55,pre,field_strength,1,
56,pre,field_strength,1,
57,pre,field_strength,1,
59,pre,field_strength,1,
81,pre,field_strength,1,
83,pre,field_strength,1,
85,pre,field_strength,1,
86,pre,field_strength,1,
87,pre,field_strength,1,
88,pre,field_strength,1,
89,pre,field_strength,1,
90,pre,field_strength,1,
91,pre,field_strength,1,
92,pre,field_strength,1,
95,pre,field_strength,1,
96,pre,field_strength,1,
99,pre,field_strength,1,
100,pre,field_strength,1,
4,pre,RK iso-SK-GFR,1.011666667,
24,pre,RK iso-SK-GFR,1.058333333,
33,pre,RK iso-SK-GFR,1.088333333,
24,pre,LK iso-SK-GFR,1.101666667,
17,pre,LK T1,1.116316586,
7,pre,LK T1,1.142,
7,pre,RK T1,1.142,
33,pre,LK T1,1.142,
33,pre,RK T1,1.142,
41,pre,LK T1,1.142,
41,pre,RK T1,1.142,
45,pre,LK T1,1.142,
5,pre,LK T1,1.157960491,
5,pre,RK T1,1.157960491,
5,post,RK T1,1.163834696,
31,pre,LK T1,1.168942594,
71,pre,RK T1,1.196437148,
60,pre,RK T1,1.206328062,
47,post,RK T1,1.218988207,
29,post,RK T1,1.222167013,
79,pre,RK T1,1.223469332,
50,post,RK T1,1.226823235,
20,post,LK T1,1.227025287,
34,pre,RK T1,1.23009,
96,pre,RK iso-SK-GFR,1.233333333,
15,pre,RK T1,1.237600449,
50,post,LK T1,1.239342405,
71,pre,LK T1,1.243692699,
62,pre,LK T1,1.245477914,
47,post,LK T1,1.250058892,
73,pre,RK T1,1.252689276,
94,pre,LK T1,1.255935958,
17,pre,RK T1,1.256608863,
37,pre,LK T1,1.256702601,
82,post,LK T1,1.257612113,
34,pre,RK iso-SK-GFR,1.261833333,
20,post,RK T1,1.268116178,
15,post,RK T1,1.269151702,
70,pre,RK T1,1.272437684,
31,post,LK T1,1.27323772,
67,pre,RK T1,1.274624763,
69,pre,LK T1,1.274832771,
72,pre,RK T1,1.277037367,
94,pre,RK T1,1.280554404,
19,pre,LK T1,1.282276432,
19,pre,RK T1,1.282806519,
63,pre,RK T1,1.284306449,
72,pre,LK T1,1.284714581,
42,pre,RK T1,1.289880716,
34,pre,LK T1,1.29038,
73,pre,LK T1,1.29213214,
29,post,LK T1,1.294131492,
38,pre,LK T1,1.294843813,
29,pre,RK T1,1.296955755,
77,pre,LK T1,1.300049201,
15,pre,LK T1,1.300198158,
63,pre,LK T1,1.303453738,
51,pre,LK T1,1.305387562,
69,pre,RK T1,1.30640918,
29,pre,LK T1,1.310870551,
64,pre,LK T1,1.312344673,
2,pre,LK T1,1.320252514,
66,pre,RK T1,1.324952978,
60,pre,LK T1,1.325763253,
76,pre,LK T1,1.326929726,
49,pre,RK T1,1.330617514,
51,pre,RK T1,1.331493665,
65,pre,RK T1,1.332164493,
98,post,LK T1,1.335958486,
74,pre,LK T1,1.337340265,
68,pre,LK T1,1.340232039,
45,pre,RK T1,1.341205377,
22,post,LK T1,1.344392691,
2,pre,RK T1,1.346898681,
8,pre,RK T1,1.351959042,
47,pre,RK T1,1.352856848,
48,post,LK T1,1.355273654,
58,pre,RK T1,1.35978325,
54,pre,RK T1,1.361112962,
37,pre,RK T1,1.364719463,
65,pre,LK T1,1.365047248,
70,pre,LK T1,1.367878042,
76,pre,RK T1,1.368408586,
82,post,RK T1,1.368653908,
31,post,RK T1,1.36899139,
74,pre,RK T1,1.369912599,
31,pre,RK T1,1.373206081,
84,pre,LK T1,1.381833077,
68,pre,RK T1,1.384422943,
48,pre,RK T1,1.388077302,
78,pre,LK T1,1.38919593,
24,pre,LK T1,1.391734916,
48,post,RK T1,1.394956779,
8,pre,LK T1,1.395857481,
39,post,RK T1,1.39652832,
38,pre,RK T1,1.397170114,
98,pre,RK T1,1.398214621,
25,pre,RK T1,1.39919,
48,pre,LK T1,1.402054323,
66,pre,LK T1,1.402181302,
11,pre,RK T1,1.403684781,
77,pre,RK T1,1.404404917,
80,pre,LK T1,1.410394765,
24,pre,RK T1,1.411015521,
98,post,RK T1,1.411312455,
5,post,LK T1,1.414392614,
61,pre,RK T1,1.417768083,
28,pre,RK T1,1.419697984,
67,pre,LK T1,1.420305514,
47,pre,LK T1,1.426463672,
84,pre,RK T1,1.429823262,
80,pre,RK T1,1.433186925,
97,pre,LK T1,1.433494331,
1,post,LK T1,1.438688528,
39,post,LK T1,1.445154177,
25,pre,LK T1,1.4477,
54,pre,LK T1,1.450273436,
22,post,RK T1,1.45114682,
42,pre,LK T1,1.45636168,
79,pre,LK T1,1.457354835,
97,pre,RK T1,1.462135803,
98,pre,LK T1,1.477645436,
79,post,RK T1,1.479359262,
11,pre,LK T1,1.480006203,
58,pre,LK T1,1.486993007,
22,pre,LK T1,1.488881231,
49,pre,LK T1,1.49466385,
64,pre,RK T1,1.49757608,
15,post,LK T1,1.497823398,
28,pre,LK T1,1.504536218,
1,post,RK T1,1.504993381,
62,pre,RK T1,1.505442191,
50,pre,RK T1,1.51427156,
78,pre,RK T1,1.518434566,
79,post,LK T1,1.529484379,
22,pre,RK T1,1.543398976,
50,pre,LK T1,1.559629235,
80,post,LK T1,1.563066139,
25,post,LK T1,1.564295029,
25,post,RK T1,1.573699358,
61,pre,LK T1,1.580608531,
46,post,LK T1,1.581757362,
39,pre,LK T1,1.5961732,
39,pre,RK T1,1.601497674,
80,post,RK T1,1.621996553,
1,pre,LK T1,1.65794,
46,post,RK T1,1.675944741,
1,pre,RK T1,1.704507,
75,pre,LK T1,1.865141001,
75,pre,RK T1,1.90201147,
91,pre,RK vol,2.7664185,
1,post,field_strength,3,
1,post,rate,3,
1,pre,field_strength,3,
1,pre,rate,3,
2,pre,field_strength,3,
2,pre,rate,3,
5,post,field_strength,3,
5,post,rate,3,
5,pre,field_strength,3,
5,pre,rate,3,
7,pre,field_strength,3,
7,pre,rate,3,
8,pre,field_strength,3,
8,pre,rate,3,
11,pre,field_strength,3,
11,pre,rate,3,
15,post,field_strength,3,
15,post,rate,3,
15,pre,field_strength,3,
15,pre,rate,3,
17,pre,field_strength,3,
17,pre,rate,3,
19,pre,field_strength,3,
19,pre,rate,3,
20,post,field_strength,3,
20,post,rate,3,
22,post,field_strength,3,
22,post,rate,3,
22,pre,field_strength,3,
22,pre,rate,3,
24,pre,field_strength,3,
24,pre,rate,3,
25,post,field_strength,3,
25,post,rate,3,
25,pre,field_strength,3,
25,pre,rate,3,
28,pre,field_strength,3,
28,pre,rate,3,
29,post,field_strength,3,
29,post,rate,3,
29,pre,field_strength,3,
29,pre,rate,3,
31,post,field_strength,3,
31,post,rate,3,
31,pre,field_strength,3,
31,pre,rate,3,
33,pre,field_strength,3,
33,pre,rate,3,
34,pre,field_strength,3,
34,pre,rate,3,
37,pre,field_strength,3,
37,pre,rate,3,
38,pre,field_strength,3,
38,pre,rate,3,
39,post,field_strength,3,
39,post,rate,3,
39,pre,field_strength,3,
39,pre,rate,3,
41,pre,field_strength,3,
41,pre,rate,3,
42,pre,field_strength,3,
42,pre,rate,3,
45,pre,field_strength,3,
45,pre,rate,3,
46,post,field_strength,3,
46,post,rate,3,
47,post,field_strength,3,
47,post,rate,3,
47,pre,field_strength,3,
47,pre,rate,3,
48,post,field_strength,3,
48,post,rate,3,
48,pre,field_strength,3,
48,pre,rate,3,
49,pre,field_strength,3,
49,pre,rate,3,
50,post,field_strength,3,
50,post,rate,3,
50,pre,field_strength,3,
50,pre,rate,3,
51,pre,field_strength,3,
51,pre,rate,3,
54,pre,field_strength,3,
54,pre,rate,3,
58,pre,field_strength,3,
58,pre,rate,3,
60,pre,field_strength,3,
60,pre,rate,3,
61,pre,field_strength,3,
61,pre,rate,3,
62,pre,field_strength,3,
62,pre,rate,3,
63,pre,field_strength,3,
63,pre,rate,3,
64,pre,field_strength,3,
64,pre,rate,3,
65,pre,field_strength,3,
65,pre,rate,3,
66,pre,field_strength,3,
66,pre,rate,3,
67,pre,field_strength,3,
67,pre,rate,3,
68,pre,field_strength,3,
68,pre,rate,3,
69,pre,field_strength,3,
69,pre,rate,3,
70,pre,field_strength,3,
70,pre,rate,3,
71,pre,field_strength,3,
71,pre,rate,3,
72,pre,field_strength,3,
72,pre,rate,3,
73,pre,field_strength,3,
73,pre,rate,3,
74,pre,field_strength,3,
74,pre,rate,3,
75,pre,field_strength,3,
75,pre,rate,3,
76,pre,field_strength,3,
76,pre,rate,3,
77,pre,field_strength,3,
77,pre,rate,3,
78,pre,field_strength,3,
78,pre,rate,3,
79,post,field_strength,3,
79,post,rate,3,
79,pre,field_strength,3,
79,pre,rate,3,
80,post,field_strength,3,
80,post,rate,3,
80,pre,field_strength,3,
80,pre,rate,3,
82,post,field_strength,3,
82,post,rate,3,
84,pre,field_strength,3,
84,pre,rate,3,
93,pre,field_strength,3,
93,pre,rate,3,
94,pre,field_strength,3,
94,pre,rate,3,
97,pre,field_strength,3,
97,pre,rate,3,
98,post,field_strength,3,
98,post,rate,3,
98,pre,field_strength,3,
98,pre,rate,3,
3,pre,rate,5,
4,pre,rate,5,
6,pre,rate,5,
7,pre,n0,5,
9,pre,rate,5,
10,pre,n0,5,
10,pre,rate,5,
12,pre,rate,5,
13,pre,rate,5,
14,pre,rate,5,
16,pre,rate,5,
18,pre,rate,5,
21,pre,rate,5,
23,pre,rate,5,
25,pre,n0,5,
26,pre,rate,5,
27,pre,rate,5,
30,pre,rate,5,
32,pre,rate,5,
35,pre,rate,5,
36,pre,rate,5,
39,post,n0,5,
39,pre,n0,5,
40,pre,rate,5,
43,pre,rate,5,
44,pre,rate,5,
52,pre,rate,5,
53,pre,rate,5,
55,pre,rate,5,
56,pre,rate,5,
57,pre,rate,5,
59,pre,rate,5,
81,pre,rate,5,
83,pre,rate,5,
85,pre,n0,5,
85,pre,rate,5,
86,pre,rate,5,
87,pre,rate,5,
88,pre,rate,5,
89,pre,rate,5,
90,pre,rate,5,
91,pre,rate,5,
92,pre,rate,5,
95,pre,rate,5,
96,pre,n0,5,
96,pre,rate,5,
99,pre,rate,5,
100,pre,rate,5,
92,pre,RK vol,5.7945251,
1,post,n0,10,
1,pre,n0,10,
2,pre,n0,10,
3,pre,n0,10,
4,pre,n0,10,
5,post,n0,10,
5,pre,n0,10,
6,pre,n0,10,
8,pre,n0,10,
9,pre,n0,10,
11,pre,n0,10,
12,pre,n0,10,
13,pre,n0,10,
14,pre,n0,10,
15,post,n0,10,
15,pre,n0,10,
16,pre,n0,10,
17,pre,n0,10,
18,pre,n0,10,
19,pre,n0,10,
20,post,n0,10,
21,pre,n0,10,
22,post,n0,10,
22,pre,n0,10,
23,pre,n0,10,
24,pre,n0,10,
25,post,n0,10,
26,pre,n0,10,
27,pre,n0,10,
28,pre,n0,10,
29,post,n0,10,
29,pre,n0,10,
30,pre,n0,10,
31,post,n0,10,
31,pre,n0,10,
32,pre,n0,10,
33,pre,n0,10,
34,pre,n0,10,
35,pre,n0,10,
36,pre,n0,10,
37,pre,n0,10,
38,pre,n0,10,
40,pre,n0,10,
41,pre,n0,10,
42,pre,n0,10,
43,pre,n0,10,
44,pre,n0,10,
45,pre,n0,10,
46,post,n0,10,
47,post,n0,10,
47,pre,n0,10,
48,post,n0,10,
48,pre,n0,10,
49,pre,n0,10,
50,post,n0,10,
50,pre,n0,10,
51,pre,n0,10,
52,pre,n0,10,
53,pre,n0,10,
54,pre,n0,10,
55,pre,n0,10,
56,pre,n0,10,
57,pre,n0,10,
58,pre,n0,10,
59,pre,n0,10,
60,pre,n0,10,
61,pre,n0,10,
62,pre,n0,10,
63,pre,n0,10,
64,pre,n0,10,
65,pre,n0,10,
66,pre,n0,10,
67,pre,n0,10,
68,pre,n0,10,
69,pre,n0,10,
70,pre,n0,10,
71,pre,n0,10,
72,pre,n0,10,
73,pre,n0,10,
74,pre,n0,10,
75,pre,n0,10,
76,pre,n0,10,
77,pre,n0,10,
78,pre,n0,10,
79,post,n0,10,
79,pre,n0,10,
80,post,n0,10,
80,pre,n0,10,
81,pre,n0,10,
82,post,n0,10,
83,pre,n0,10,
84,pre,n0,10,
86,pre,n0,10,
87,pre,n0,10,
88,pre,n0,10,
89,pre,n0,10,
90,pre,n0,10,
91,pre,n0,10,
92,pre,n0,10,
93,pre,n0,10,
94,pre,n0,10,
95,pre,n0,10,
97,pre,n0,10,
98,post,n0,10,
98,pre,n0,10,
99,pre,n0,10,
100,pre,n0,10,
70,pre,RK vol,13.3203115,
12,pre,LK vol,14.299393,
83,pre,LK vol,16.37774775,
1,post,FA,17,
1,pre,FA,17,
2,pre,FA,17,
5,post,FA,17,
5,pre,FA,17,
7,pre,FA,17,
8,pre,FA,17,
11,pre,FA,17,
15,post,FA,17,
15,pre,FA,17,
17,pre,FA,17,
19,pre,FA,17,
20,post,FA,17,
22,post,FA,17,
22,pre,FA,17,
24,pre,FA,17,
25,post,FA,17,
25,pre,FA,17,
28,pre,FA,17,
29,post,FA,17,
29,pre,FA,17,
31,post,FA,17,
31,pre,FA,17,
33,pre,FA,17,
34,pre,FA,17,
37,pre,FA,17,
38,pre,FA,17,
39,post,FA,17,
39,pre,FA,17,
41,pre,FA,17,
42,pre,FA,17,
45,pre,FA,17,
46,post,FA,17,
47,post,FA,17,
47,pre,FA,17,
48,post,FA,17,
48,pre,FA,17,
49,pre,FA,17,
50,post,FA,17,
50,pre,FA,17,
51,pre,FA,17,
54,pre,FA,17,
58,pre,FA,17,
60,pre,FA,17,
61,pre,FA,17,
62,pre,FA,17,
63,pre,FA,17,
64,pre,FA,17,
65,pre,FA,17,
66,pre,FA,17,
67,pre,FA,17,
68,pre,FA,17,
69,pre,FA,17,
70,pre,FA,17,
71,pre,FA,17,
72,pre,FA,17,
73,pre,FA,17,
74,pre,FA,17,
75,pre,FA,17,
76,pre,FA,17,
77,pre,FA,17,
78,pre,FA,17,
79,post,FA,17,
79,pre,FA,17,
80,post,FA,17,
80,pre,FA,17,
82,post,FA,17,
84,pre,FA,17,
93,pre,FA,17,
94,pre,FA,17,
97,pre,FA,17,
98,post,FA,17,
98,pre,FA,17,
96,pre,LK vol,19.196701,
59,pre,LK vol,19.28437875,
65,pre,RK vol,19.8,
3,pre,FA,20,
4,pre,FA,20,
6,pre,FA,20,
9,pre,FA,20,
10,pre,FA,20,
12,pre,FA,20,
13,pre,FA,20,
14,pre,FA,20,
16,pre,FA,20,
18,pre,FA,20,
21,pre,FA,20,
23,pre,FA,20,
26,pre,FA,20,
27,pre,FA,20,
30,pre,FA,20,
32,pre,FA,20,
35,pre,FA,20,
36,pre,FA,20,
40,pre,FA,20,
43,pre,FA,20,
44,pre,FA,20,
52,pre,FA,20,
53,pre,FA,20,
55,pre,FA,20,
56,pre,FA,20,
57,pre,FA,20,
59,pre,FA,20,
81,pre,FA,20,
83,pre,FA,20,
85,pre,FA,20,
86,pre,FA,20,
87,pre,FA,20,
88,pre,FA,20,
89,pre,FA,20,
90,pre,FA,20,
91,pre,FA,20,
92,pre,FA,20,
95,pre,FA,20,
96,pre,FA,20,
99,pre,FA,20,
100,pre,FA,20,
27,pre,RK vol,27.084732,
85,pre,LK vol,27.664185,
26,pre,RK vol,30.430603,
66,pre,RK vol,34.609,
18,pre,LK vol,35.010147,
61,pre,LK vol,36.015623,
95,pre,LK vol,40.5056,
20,post,LK vol,40.5078125,
31,pre,RK vol,43.28125,
14,pre,LK vol,44.62423875,
67,pre,LK vol,47.69,
49,pre,LK vol,50.859375,
54,pre,RK vol,51.171875,
9,pre,LK vol,51.36911325,
58,pre,LK vol,52.8515625,
62,pre,LK vol,53.398435,
100,pre,RK vol,53.533936,
1,pre,RK vol,54.415,
82,post,RK vol,54.4921875,
69,pre,LK vol,54.531245,
29,pre,RK vol,54.96,
10,pre,RK vol,54.9651375,
9,pre,RK vol,55.80358875,
81,pre,LK vol,56.132126,
21,pre,RK vol,56.393814,
72,pre,RK vol,56.48437,
17,pre,RK vol,56.6015625,
29,post,RK vol,57.6953125,
89,pre,RK vol,61.552811,
67,pre,RK vol,61.87,
48,post,LK vol,62.305,
32,pre,LK vol,63.12294,
43,pre,LK vol,63.48007575,
57,pre,RK vol,64.076233,
68,pre,LK vol,66.17187,
50,post,LK vol,67.4609375,
60,pre,LK vol,67.57,
30,pre,LK vol,68.767929,
46,post,LK vol,68.828125,
1,post,weight,70,
1,pre,weight,70,
2,pre,weight,70,
3,pre,weight,70,
4,pre,weight,70,
5,post,weight,70,
5,pre,weight,70,
6,pre,weight,70,
7,pre,weight,70,
8,pre,weight,70,
9,pre,weight,70,
10,pre,weight,70,
11,pre,weight,70,
12,pre,weight,70,
13,pre,weight,70,
14,pre,weight,70,
15,post,weight,70,
15,pre,weight,70,
16,pre,weight,70,
17,pre,weight,70,
18,pre,weight,70,
19,pre,weight,70,
20,post,weight,70,
21,pre,weight,70,
22,post,weight,70,
22,pre,weight,70,
23,pre,weight,70,
24,pre,weight,70,
25,post,weight,70,
25,pre,weight,70,
26,pre,weight,70,
27,pre,weight,70,
28,pre,weight,70,
29,post,weight,70,
29,pre,weight,70,
30,pre,weight,70,
31,post,weight,70,
31,pre,weight,70,
32,pre,weight,70,
33,pre,weight,70,
34,pre,weight,70,
35,pre,weight,70,
36,pre,weight,70,
37,pre,weight,70,
38,pre,weight,70,
39,post,weight,70,
39,pre,weight,70,
40,pre,weight,70,
41,pre,weight,70,
42,pre,weight,70,
43,pre,weight,70,
44,pre,weight,70,
45,pre,weight,70,
46,post,weight,70,
47,post,weight,70,
47,pre,weight,70,
48,post,weight,70,
48,pre,weight,70,
49,pre,weight,70,
50,post,weight,70,
50,pre,weight,70,
51,pre,weight,70,
52,pre,weight,70,
53,pre,weight,70,
54,pre,weight,70,
55,pre,weight,70,
56,pre,weight,70,
57,pre,weight,70,
58,pre,weight,70,
59,pre,weight,70,
60,pre,weight,70,
61,pre,weight,70,
62,pre,weight,70,
63,pre,weight,70,
64,pre,weight,70,
65,pre,weight,70,
66,pre,weight,70,
67,pre,weight,70,
68,pre,weight,70,
69,pre,weight,70,
70,pre,weight,70,
71,pre,weight,70,
72,pre,weight,70,
73,pre,weight,70,
74,pre,weight,70,
75,pre,weight,70,
76,pre,weight,70,
77,pre,weight,70,
78,pre,weight,70,
79,post,weight,70,
79,pre,weight,70,
80,post,weight,70,
80,pre,weight,70,
81,pre,weight,70,
82,post,weight,70,
83,pre,weight,70,
84,pre,weight,70,
85,pre,weight,70,
86,pre,weight,70,
87,pre,weight,70,
88,pre,weight,70,
89,pre,weight,70,
90,pre,weight,70,
91,pre,weight,70,
92,pre,weight,70,
93,pre,weight,70,
94,pre,weight,70,
95,pre,weight,70,
96,pre,weight,70,
97,pre,weight,70,
98,post,weight,70,
98,pre,weight,70,
99,pre,weight,70,
100,pre,weight,70,
69,pre,RK vol,70.23437,
27,pre,LK vol,70.767975,
5,pre,RK vol,71.5,
78,pre,LK vol,71.679685,
95,pre,RK vol,72.730637,
13,pre,LK vol,73.31790375,
74,pre,RK vol,73.47656,
75,pre,RK vol,75,
50,post,RK vol,75.3515625,
79,pre,RK vol,75.5859375,
50,pre,LK vol,75.6640625,
1,post,RK vol,75.78,
91,pre,LK vol,75.852203,
22,pre,RK vol,77.0703125,
90,pre,RK vol,77.216721,
62,pre,RK vol,79.29687,
76,pre,LK vol,79.29687,
52,pre,LK vol,79.366302,
50,pre,RK vol,80.078125,
11,pre,LK vol,80.234375,
15,post,LK vol,80.234375,
97,pre,RK vol,80.46875,
32,pre,RK vol,81.179428,
23,pre,RK vol,81.272888,
64,pre,LK vol,81.87,
44,pre,LK vol,82.095337,
58,pre,RK vol,82.65625,
22,post,RK vol,83.205,
31,post,RK vol,84.1796875,
97,pre,LK vol,85.2734375,
80,post,RK vol,85.35,
46,post,RK vol,85.625,
41,pre,RK vol,85.7421875,
79,post,RK vol,86.328125,
17,pre,LK vol,86.71875,
39,pre,LK vol,86.915,
60,pre,RK vol,87.18,
80,pre,RK vol,87.385,
64,pre,RK vol,87.69,
35,pre,RK vol,88.207626,
81,pre,RK vol,88.488007,
35,pre,LK vol,88.768387,
15,post,RK vol,88.8671875,
26,pre,LK vol,90.09552,
100,pre,LK vol,90.768433,
92,pre,LK vol,92.618942,
47,pre,RK vol,93.2421875,
48,pre,LK vol,93.75,
23,pre,LK vol,94.375992,
25,post,LK vol,95.15625,
39,post,LK vol,95.625,
29,pre,LK vol,96.21,
40,pre,LK vol,96.83180325,
29,post,LK vol,97.8125,
79,pre,LK vol,99.7265625,
86,pre,LK vol,99.983597,
25,post,RK vol,100.703125,
10,pre,LK vol,101.6948205,
53,pre,LK vol,102.2165235,
72,pre,LK vol,102.46093,
15,pre,LK vol,102.4609375,
71,pre,LK vol,102.695305,
71,pre,RK vol,102.73437,
83,pre,RK vol,102.8686523,
18,pre,RK vol,103.77808,
54,pre,LK vol,104.17969,
38,pre,LK vol,104.2578125,
52,pre,RK vol,104.30145,
30,pre,RK vol,104.56314,
79,post,LK vol,104.8046875,
38,pre,RK vol,104.84375,
73,pre,LK vol,105.11718,
36,pre,LK vol,105.55382,
25,pre,RK vol,105.7421875,
86,pre,RK vol,106.35757,
70,pre,LK vol,107.30468,
74,pre,LK vol,107.42187,
47,post,RK vol,108.2421875,
5,post,RK vol,108.36,
25,pre,LK vol,109.609375,
73,pre,RK vol,109.92187,
37,pre,LK vol,110.23437,
75,pre,LK vol,110.7,
11,pre,RK vol,111.796875,
44,pre,RK vol,111.79695,
12,pre,RK vol,111.94649,
41,pre,LK vol,112.2265625,
43,pre,RK vol,112.836906,
51,pre,LK vol,113.4375,
36,pre,RK vol,113.92784,
68,pre,RK vol,114.687495,
45,pre,LK vol,117.265625,
2,pre,LK vol,117.578125,
15,pre,RK vol,118.3203125,
87,pre,LK vol,118.61954,
1,post,LK vol,119.805,
51,pre,RK vol,120,
55,pre,LK vol,123.14301,
93,pre,RK vol,124.6484375,
39,post,RK vol,125.234375,
39,pre,RK vol,125.625,
48,pre,RK vol,125.74,
48,post,RK vol,126.365,
98,post,RK vol,126.6796875,
53,pre,RK vol,127.0346805,
45,pre,RK vol,127.3828125,
76,pre,RK vol,127.46093,
6,pre,LK vol,128.67584,
5,pre,LK vol,128.71,
2,pre,RK vol,129.296875,
88,pre,LK vol,129.38965,
98,post,LK vol,129.453125,
37,pre,RK vol,129.765615,
84,pre,LK vol,131.2890625,
82,post,LK vol,131.6015625,
55,pre,RK vol,131.68526,
28,pre,RK vol,132.34375,
5,post,LK vol,133.01,
98,pre,LK vol,134.14,
1,pre,LK vol,134.335,
14,pre,RK vol,134.3571548,
94,pre,RK vol,138.671875,
88,pre,RK vol,138.84277,
56,pre,LK vol,139.34454,
28,pre,LK vol,139.7265625,
7,pre,LK vol,140.42968,
98,pre,RK vol,141.21,
57,pre,LK vol,141.87241,
78,pre,RK vol,142.421865,
84,pre,RK vol,143.1640625,
33,pre,LK vol,144.53125,
42,pre,RK vol,144.68749,
94,pre,LK vol,145.3125,
87,pre,RK vol,145.4052,
7,pre,RK vol,145.46874,
3,pre,LK vol,145.5178725,
4,pre,LK vol,146.91925,
13,pre,RK vol,147.5860523,
90,pre,LK vol,148.28377,
56,pre,RK vol,150.92564,
99,pre,LK vol,155.01289,
47,pre,LK vol,156.4453125,
6,pre,RK vol,157.53632,
89,pre,LK vol,157.62978,
19,pre,LK vol,157.96874,
3,pre,RK vol,159.4361633,
61,pre,RK vol,160.859365,
77,pre,LK vol,161.640615,
16,pre,LK vol,162.09717,
77,pre,RK vol,162.61718,
4,pre,RK vol,162.63924,
8,pre,LK vol,164.1015625,
47,post,LK vol,165.703125,
8,pre,RK vol,168.0859375,
80,post,LK vol,169.725,
40,pre,RK vol,169.777062,
22,pre,LK vol,170.2734375,
99,pre,RK vol,170.88242,
19,pre,RK vol,171.054675,
65,pre,LK vol,172.53,
22,post,LK vol,172.655,
93,pre,LK vol,173.28125,
42,pre,LK vol,174.21874,
96,pre,RK vol,174.47128,
21,pre,LK vol,174.82643,
80,pre,LK vol,176.835,
20,post,RK vol,179.257815,
33,pre,RK vol,184.453125,
16,pre,RK vol,190.06042,
63,pre,RK vol,190.27,
63,pre,LK vol,190.66,
31,pre,LK vol,193.28125,
24,pre,LK vol,194.53125,
24,pre,RK vol,194.609375,
34,pre,LK vol,195.1953125,
66,pre,LK vol,197.77,
85,pre,RK vol,205.18227,
31,post,LK vol,218.7109375,
49,pre,RK vol,224.7265625,
34,pre,RK vol,246.5234375,
59,pre,RK vol,298.8053933,
3,pre,agent,gadodiamide,
4,pre,agent,gadodiamide,
6,pre,agent,gadodiamide,
9,pre,agent,gadodiamide,
10,pre,agent,gadodiamide,
12,pre,agent,gadodiamide,
13,pre,agent,gadodiamide,
14,pre,agent,gadodiamide,
16,pre,agent,gadodiamide,
18,pre,agent,gadodiamide,
21,pre,agent,gadodiamide,
23,pre,agent,gadodiamide,
26,pre,agent,gadodiamide,
27,pre,agent,gadodiamide,
30,pre,agent,gadodiamide,
32,pre,agent,gadodiamide,
35,pre,agent,gadodiamide,
36,pre,agent,gadodiamide,
40,pre,agent,gadodiamide,
43,pre,agent,gadodiamide,
44,pre,agent,gadodiamide,
52,pre,agent,gadodiamide,
53,pre,agent,gadodiamide,
55,pre,agent,gadodiamide,
56,pre,agent,gadodiamide,
57,pre,agent,gadodiamide,
59,pre,agent,gadodiamide,
81,pre,agent,gadodiamide,
83,pre,agent,gadodiamide,
85,pre,agent,gadodiamide,
86,pre,agent,gadodiamide,
87,pre,agent,gadodiamide,
88,pre,agent,gadodiamide,
89,pre,agent,gadodiamide,
90,pre,agent,gadodiamide,
91,pre,agent,gadodiamide,
92,pre,agent,gadodiamide,
95,pre,agent,gadodiamide,
96,pre,agent,gadodiamide,
99,pre,agent,gadodiamide,
100,pre,agent,gadodiamide,
1,post,agent,gadoterate,
1,pre,agent,gadoterate,
2,pre,agent,gadoterate,
5,post,agent,gadoterate,
5,pre,agent,gadoterate,
7,pre,agent,gadoterate,
8,pre,agent,gadoterate,
11,pre,agent,gadoterate,
15,post,agent,gadoterate,
15,pre,agent,gadoterate,
17,pre,agent,gadoterate,
19,pre,agent,gadoterate,
20,post,agent,gadoterate,
22,post,agent,gadoterate,
22,pre,agent,gadoterate,
24,pre,agent,gadoterate,
25,post,agent,gadoterate,
25,pre,agent,gadoterate,
28,pre,agent,gadoterate,
29,post,agent,gadoterate,
29,pre,agent,gadoterate,
31,post,agent,gadoterate,
31,pre,agent,gadoterate,
33,pre,agent,gadoterate,
34,pre,agent,gadoterate,
37,pre,agent,gadoterate,
38,pre,agent,gadoterate,
39,post,agent,gadoterate,
39,pre,agent,gadoterate,
41,pre,agent,gadoterate,
42,pre,agent,gadoterate,
45,pre,agent,gadoterate,
46,post,agent,gadoterate,
47,post,agent,gadoterate,
47,pre,agent,gadoterate,
48,post,agent,gadoterate,
48,pre,agent,gadoterate,
49,pre,agent,gadoterate,
50,post,agent,gadoterate,
50,pre,agent,gadoterate,
51,pre,agent,gadoterate,
54,pre,agent,gadoterate,
58,pre,agent,gadoterate,
60,pre,agent,gadoterate,
61,pre,agent,gadoterate,
62,pre,agent,gadoterate,
63,pre,agent,gadoterate,
64,pre,agent,gadoterate,
65,pre,agent,gadoterate,
66,pre,agent,gadoterate,
67,pre,agent,gadoterate,
68,pre,agent,gadoterate,
69,pre,agent,gadoterate,
70,pre,agent,gadoterate,
71,pre,agent,gadoterate,
72,pre,agent,gadoterate,
73,pre,agent,gadoterate,
74,pre,agent,gadoterate,
75,pre,agent,gadoterate,
76,pre,agent,gadoterate,
77,pre,agent,gadoterate,
78,pre,agent,gadoterate,
79,post,agent,gadoterate,
79,pre,agent,gadoterate,
80,post,agent,gadoterate,
80,pre,agent,gadoterate,
82,post,agent,gadoterate,
84,pre,agent,gadoterate,
93,pre,agent,gadoterate,
94,pre,agent,gadoterate,
97,pre,agent,gadoterate,
98,post,agent,gadoterate,
98,pre,agent,gadoterate,
