subject,study,parameter,value
001,post,TR,0.005
001,pre,TR,0.005
002,pre,TR,0.005
005,post,TR,0.005
005,pre,TR,0.005
007,pre,TR,0.005
008,pre,TR,0.005
011,pre,TR,0.005
015,post,TR,0.005
015,pre,TR,0.005
017,pre,TR,0.005
019,pre,TR,0.005
020,post,TR,0.005
022,post,TR,0.005
022,pre,TR,0.005
024,pre,TR,0.005
025,post,TR,0.005
025,pre,TR,0.005
028,pre,TR,0.005
029,post,TR,0.005
029,pre,TR,0.005
031,post,TR,0.005
031,pre,TR,0.005
033,pre,TR,0.005
034,pre,TR,0.005
037,pre,TR,0.005
038,pre,TR,0.005
039,post,TR,0.005
039,pre,TR,0.005
041,pre,TR,0.005
042,pre,TR,0.005
045,pre,TR,0.005
046,post,TR,0.005
047,post,TR,0.005
047,pre,TR,0.005
048,post,TR,0.005
048,pre,TR,0.005
049,pre,TR,0.005
050,post,TR,0.005
050,pre,TR,0.005
051,pre,TR,0.005
054,pre,TR,0.005
058,pre,TR,0.005
060,pre,TR,0.005
061,pre,TR,0.005
062,pre,TR,0.005
063,pre,TR,0.005
064,pre,TR,0.005
065,pre,TR,0.005
066,pre,TR,0.005
067,pre,TR,0.005
068,pre,TR,0.005
069,pre,TR,0.005
070,pre,TR,0.005
071,pre,TR,0.005
072,pre,TR,0.005
073,pre,TR,0.005
074,pre,TR,0.005
075,pre,TR,0.005
076,pre,TR,0.005
077,pre,TR,0.005
078,pre,TR,0.005
079,post,TR,0.005
079,pre,TR,0.005
080,post,TR,0.005
080,pre,TR,0.005
082,post,TR,0.005
084,pre,TR,0.005
093,pre,TR,0.005
094,pre,TR,0.005
097,pre,TR,0.005
098,post,TR,0.005
098,pre,TR,0.005
003,pre,TR,0.0054
004,pre,TR,0.0054
006,pre,TR,0.0054
009,pre,TR,0.0054
010,pre,TR,0.0054
012,pre,TR,0.0054
013,pre,TR,0.0054
014,pre,TR,0.0054
016,pre,TR,0.0054
018,pre,TR,0.0054
021,pre,TR,0.0054
023,pre,TR,0.0054
026,pre,TR,0.0054
027,pre,TR,0.0054
030,pre,TR,0.0054
032,pre,TR,0.0054
035,pre,TR,0.0054
036,pre,TR,0.0054
040,pre,TR,0.0054
043,pre,TR,0.0054
044,pre,TR,0.0054
052,pre,TR,0.0054
053,pre,TR,0.0054
055,pre,TR,0.0054
056,pre,TR,0.0054
057,pre,TR,0.0054
059,pre,TR,0.0054
081,pre,TR,0.0054
083,pre,TR,0.0054
085,pre,TR,0.0054
086,pre,TR,0.0054
087,pre,TR,0.0054
088,pre,TR,0.0054
089,pre,TR,0.0054
090,pre,TR,0.0054
091,pre,TR,0.0054
092,pre,TR,0.0054
095,pre,TR,0.0054
096,pre,TR,0.0054
099,pre,TR,0.0054
100,pre,TR,0.0054
085,pre,LK iso-SK-GFR,0.007166667
091,pre,RK iso-SK-GFR,0.008333333
012,pre,LK iso-SK-GFR,0.01
065,pre,RK iso-SK-GFR,0.02
092,pre,RK iso-SK-GFR,0.0215
061,pre,LK iso-SK-GFR,0.023333333
095,pre,LK iso-SK-GFR,0.028333333
083,pre,LK iso-SK-GFR,0.028833333
001,pre,RK iso-SK-GFR,0.031166667
078,pre,LK iso-SK-GFR,0.031666667
031,pre,RK iso-SK-GFR,0.032833333
066,pre,RK iso-SK-GFR,0.033333333
018,pre,LK iso-SK-GFR,0.035
059,pre,LK iso-SK-GFR,0.035
070,pre,RK iso-SK-GFR,0.043333333
005,post,RK iso-SK-GFR,0.045833333
021,pre,RK iso-SK-GFR,0.046666667
089,pre,RK iso-SK-GFR,0.048333333
001,post,dose,0.05
001,pre,dose,0.05
002,pre,dose,0.05
005,post,dose,0.05
005,pre,dose,0.05
007,pre,dose,0.05
008,pre,dose,0.05
011,pre,dose,0.05
015,post,dose,0.05
015,pre,dose,0.05
017,pre,dose,0.05
019,pre,dose,0.05
020,post,dose,0.05
022,post,dose,0.05
022,pre,dose,0.05
024,pre,dose,0.05
025,post,dose,0.05
025,pre,dose,0.05
028,pre,dose,0.05
029,post,dose,0.05
029,pre,dose,0.05
031,post,dose,0.05
031,pre,dose,0.05
033,pre,dose,0.05
034,pre,dose,0.05
037,pre,dose,0.05
038,pre,dose,0.05
039,post,dose,0.05
039,pre,dose,0.05
041,pre,dose,0.05
042,pre,dose,0.05
045,pre,dose,0.05
046,post,dose,0.05
047,post,dose,0.05
047,pre,dose,0.05
048,post,dose,0.05
048,pre,dose,0.05
049,pre,dose,0.05
050,post,dose,0.05
050,pre,dose,0.05
051,pre,dose,0.05
054,pre,dose,0.05
058,pre,dose,0.05
060,pre,dose,0.05
061,pre,dose,0.05
062,pre,dose,0.05
063,pre,dose,0.05
064,pre,dose,0.05
065,pre,dose,0.05
066,pre,dose,0.05
067,pre,dose,0.05
068,pre,dose,0.05
069,pre,dose,0.05
070,pre,dose,0.05
071,pre,dose,0.05
072,pre,dose,0.05
073,pre,dose,0.05
074,pre,dose,0.05
075,pre,dose,0.05
076,pre,dose,0.05
077,pre,dose,0.05
078,pre,dose,0.05
079,post,dose,0.05
079,pre,dose,0.05
080,post,dose,0.05
080,pre,dose,0.05
082,post,dose,0.05
084,pre,dose,0.05
093,pre,dose,0.05
094,pre,dose,0.05
097,pre,dose,0.05
098,post,dose,0.05
098,pre,dose,0.05
100,pre,RK iso-SK-GFR,0.05
010,pre,RK iso-SK-GFR,0.055333333
014,pre,LK iso-SK-GFR,0.061666667
090,pre,RK iso-SK-GFR,0.063333333
031,post,RK iso-SK-GFR,0.067
026,pre,LK iso-SK-GFR,0.07
001,post,RK iso-SK-GFR,0.070333333
046,post,LK iso-SK-GFR,0.071956647
023,pre,LK iso-SK-GFR,0.073333333
032,pre,LK iso-SK-GFR,0.075
096,pre,LK iso-SK-GFR,0.078
032,pre,RK iso-SK-GFR,0.083333333
005,pre,RK iso-SK-GFR,0.0865
027,pre,RK iso-SK-GFR,0.09
035,pre,RK iso-SK-GFR,0.091666667
013,pre,LK iso-SK-GFR,0.093333333
048,post,LK iso-SK-GFR,0.093333333
035,pre,LK iso-SK-GFR,0.095
020,post,LK iso-SK-GFR,0.097319846
049,pre,LK iso-SK-GFR,0.097387283
003,pre,dose,0.1
004,pre,dose,0.1
006,pre,dose,0.1
009,pre,dose,0.1
010,pre,dose,0.1
012,pre,dose,0.1
013,pre,dose,0.1
014,pre,dose,0.1
016,pre,dose,0.1
018,pre,dose,0.1
021,pre,dose,0.1
023,pre,dose,0.1
026,pre,dose,0.1
027,pre,dose,0.1
030,pre,dose,0.1
032,pre,dose,0.1
035,pre,dose,0.1
036,pre,dose,0.1
040,pre,dose,0.1
043,pre,dose,0.1
044,pre,dose,0.1
052,pre,dose,0.1
053,pre,dose,0.1
055,pre,dose,0.1
056,pre,dose,0.1
057,pre,dose,0.1
059,pre,dose,0.1
081,pre,dose,0.1
083,pre,dose,0.1
085,pre,dose,0.1
086,pre,dose,0.1
087,pre,dose,0.1
088,pre,dose,0.1
089,pre,dose,0.1
090,pre,dose,0.1
091,pre,dose,0.1
092,pre,dose,0.1
095,pre,dose,0.1
096,pre,dose,0.1
099,pre,dose,0.1
100,pre,dose,0.1
048,pre,LK iso-SK-GFR,0.103166667
052,pre,LK iso-SK-GFR,0.103333333
010,pre,LK iso-SK-GFR,0.1075
082,post,RK iso-SK-GFR,0.107687861
078,pre,RK iso-SK-GFR,0.108333333
023,pre,RK iso-SK-GFR,0.11
100,pre,LK iso-SK-GFR,0.111666667
053,pre,LK iso-SK-GFR,0.116666667
054,pre,RK iso-SK-GFR,0.117533719
081,pre,LK iso-SK-GFR,0.12
040,pre,LK iso-SK-GFR,0.125
058,pre,LK iso-SK-GFR,0.1285
009,pre,RK iso-SK-GFR,0.13
069,pre,LK iso-SK-GFR,0.13
052,pre,RK iso-SK-GFR,0.133333333
057,pre,RK iso-SK-GFR,0.136666667
027,pre,LK iso-SK-GFR,0.14
044,pre,RK iso-SK-GFR,0.145
067,pre,LK iso-SK-GFR,0.151666667
046,post,RK iso-SK-GFR,0.153953757
069,pre,RK iso-SK-GFR,0.158333333
026,pre,RK iso-SK-GFR,0.16
029,pre,RK iso-SK-GFR,0.162
087,pre,LK iso-SK-GFR,0.166666667
097,pre,LK iso-SK-GFR,0.168333333
043,pre,LK iso-SK-GFR,0.171666667
060,pre,LK iso-SK-GFR,0.171666667
067,pre,RK iso-SK-GFR,0.176666667
029,post,RK iso-SK-GFR,0.176833333
097,pre,RK iso-SK-GFR,0.181666667
058,pre,RK iso-SK-GFR,0.183833333
009,pre,LK iso-SK-GFR,0.198333333
050,post,LK iso-SK-GFR,0.202166667
072,pre,RK iso-SK-GFR,0.203333333
091,pre,LK iso-SK-GFR,0.203333333
095,pre,RK iso-SK-GFR,0.205
013,pre,RK iso-SK-GFR,0.208333333
040,pre,RK iso-SK-GFR,0.211666667
053,pre,RK iso-SK-GFR,0.218333333
039,post,LK iso-SK-GFR,0.225
087,pre,RK iso-SK-GFR,0.225
080,post,RK iso-SK-GFR,0.226666667
094,pre,RK iso-SK-GFR,0.23
080,pre,RK iso-SK-GFR,0.231
039,pre,LK iso-SK-GFR,0.232333333
076,pre,LK iso-SK-GFR,0.233333333
050,pre,LK iso-SK-GFR,0.2535
030,pre,LK iso-SK-GFR,0.256666667
056,pre,LK iso-SK-GFR,0.258166667
062,pre,LK iso-SK-GFR,0.261666667
064,pre,LK iso-SK-GFR,0.261666667
054,pre,LK iso-SK-GFR,0.263969171
015,pre,LK iso-SK-GFR,0.267333333
050,post,RK iso-SK-GFR,0.2695
043,pre,RK iso-SK-GFR,0.27
047,pre,RK iso-SK-GFR,0.272166667
015,post,LK iso-SK-GFR,0.272333333
021,pre,LK iso-SK-GFR,0.273333333
079,pre,RK iso-SK-GFR,0.2745
036,pre,LK iso-SK-GFR,0.275
086,pre,LK iso-SK-GFR,0.276666667
001,post,LK iso-SK-GFR,0.27794605
068,pre,LK iso-SK-GFR,0.28
074,pre,RK iso-SK-GFR,0.286666667
077,pre,RK iso-SK-GFR,0.286666667
005,pre,LK iso-SK-GFR,0.287166667
056,pre,RK iso-SK-GFR,0.2905
062,pre,RK iso-SK-GFR,0.295
064,pre,RK iso-SK-GFR,0.295
079,post,RK iso-SK-GFR,0.2965
011,pre,LK iso-SK-GFR,0.296666667
050,pre,RK iso-SK-GFR,0.2975
036,pre,RK iso-SK-GFR,0.298333333
094,pre,LK iso-SK-GFR,0.303333333
045,pre,LK iso-SK-GFR,0.306666667
018,pre,RK iso-SK-GFR,0.308333333
044,pre,LK iso-SK-GFR,0.308333333
061,pre,RK iso-SK-GFR,0.308333333
079,pre,LK iso-SK-GFR,0.3105
060,pre,RK iso-SK-GFR,0.318333333
088,pre,LK iso-SK-GFR,0.318333333
079,post,LK iso-SK-GFR,0.319833333
077,pre,LK iso-SK-GFR,0.323333333
047,post,RK iso-SK-GFR,0.327333333
029,post,LK iso-SK-GFR,0.327666667
083,pre,RK iso-SK-GFR,0.328333333
020,post,RK iso-SK-GFR,0.33
075,pre,RK iso-SK-GFR,0.333333333
022,pre,RK iso-SK-GFR,0.336666667
057,pre,LK iso-SK-GFR,0.336666667
012,pre,RK iso-SK-GFR,0.34
017,pre,RK iso-SK-GFR,0.34
092,pre,LK iso-SK-GFR,0.3415
081,pre,RK iso-SK-GFR,0.341666667
029,pre,LK iso-SK-GFR,0.344333333
070,pre,LK iso-SK-GFR,0.346666667
001,pre,LK iso-SK-GFR,0.350666667
086,pre,RK iso-SK-GFR,0.351666667
088,pre,RK iso-SK-GFR,0.351666667
030,pre,RK iso-SK-GFR,0.353333333
085,pre,RK iso-SK-GFR,0.353333333
017,pre,LK iso-SK-GFR,0.368333333
015,post,RK iso-SK-GFR,0.374833333
014,pre,RK iso-SK-GFR,0.376666667
066,pre,LK iso-SK-GFR,0.381666667
015,pre,RK iso-SK-GFR,0.385666667
047,post,LK iso-SK-GFR,0.385666667
038,pre,LK iso-SK-GFR,0.388333333
045,pre,RK iso-SK-GFR,0.405
047,pre,LK iso-SK-GFR,0.408166667
022,post,RK iso-SK-GFR,0.41
076,pre,RK iso-SK-GFR,0.413333333
028,pre,RK iso-SK-GFR,0.41571869
025,post,LK iso-SK-GFR,0.418333333
055,pre,RK iso-SK-GFR,0.421666667
028,pre,LK iso-SK-GFR,0.433560694
068,pre,RK iso-SK-GFR,0.436666667
089,pre,LK iso-SK-GFR,0.436666667
039,post,RK iso-SK-GFR,0.437
055,pre,LK iso-SK-GFR,0.438333333
002,pre,LK iso-SK-GFR,0.451666667
039,pre,RK iso-SK-GFR,0.4535
038,pre,RK iso-SK-GFR,0.455
084,pre,LK iso-SK-GFR,0.46
082,post,LK iso-SK-GFR,0.461263006
011,pre,RK iso-SK-GFR,0.463333333
002,pre,RK iso-SK-GFR,0.47
073,pre,RK iso-SK-GFR,0.473333333
099,pre,RK iso-SK-GFR,0.491666667
007,pre,LK iso-SK-GFR,0.493333333
073,pre,LK iso-SK-GFR,0.493333333
019,pre,LK iso-SK-GFR,0.496333333
084,pre,RK iso-SK-GFR,0.496666667
072,pre,LK iso-SK-GFR,0.498333333
093,pre,RK iso-SK-GFR,0.501666667
071,pre,LK iso-SK-GFR,0.503333333
071,pre,RK iso-SK-GFR,0.503333333
051,pre,RK iso-SK-GFR,0.506666667
098,post,LK iso-SK-GFR,0.510666667
008,pre,LK iso-SK-GFR,0.511666667
025,post,RK iso-SK-GFR,0.511666667
037,pre,LK iso-SK-GFR,0.512166667
005,post,LK iso-SK-GFR,0.523833333
048,post,RK iso-SK-GFR,0.527166667
074,pre,LK iso-SK-GFR,0.531666667
099,pre,LK iso-SK-GFR,0.531666667
098,pre,LK iso-SK-GFR,0.547166667
003,pre,LK iso-SK-GFR,0.548333333
007,pre,RK iso-SK-GFR,0.5545
006,pre,LK iso-SK-GFR,0.561666667
025,pre,LK iso-SK-GFR,0.568
090,pre,LK iso-SK-GFR,0.568333333
051,pre,LK iso-SK-GFR,0.571666667
019,pre,RK iso-SK-GFR,0.582833333
025,pre,RK iso-SK-GFR,0.591
041,pre,RK iso-SK-GFR,0.591666667
075,pre,LK iso-SK-GFR,0.591666667
037,pre,RK iso-SK-GFR,0.6005
008,pre,RK iso-SK-GFR,0.601666667
016,pre,LK iso-SK-GFR,0.608333333
006,pre,RK iso-SK-GFR,0.613333333
093,pre,LK iso-SK-GFR,0.613333333
098,pre,RK iso-SK-GFR,0.641
065,pre,LK iso-SK-GFR,0.653333333
063,pre,LK iso-SK-GFR,0.663333333
041,pre,LK iso-SK-GFR,0.666666667
004,pre,LK iso-SK-GFR,0.673333333
098,post,RK iso-SK-GFR,0.675833333
031,post,LK iso-SK-GFR,0.682666667
016,pre,RK iso-SK-GFR,0.686666667
063,pre,RK iso-SK-GFR,0.691666667
048,pre,RK iso-SK-GFR,0.6925
042,pre,RK iso-SK-GFR,0.7235
031,pre,LK iso-SK-GFR,0.785
042,pre,LK iso-SK-GFR,0.817166667
080,pre,LK iso-SK-GFR,0.822
080,post,LK iso-SK-GFR,0.853333333
033,pre,LK iso-SK-GFR,0.855
059,pre,RK iso-SK-GFR,0.86
022,pre,LK iso-SK-GFR,0.864
022,post,LK iso-SK-GFR,0.873333333
049,pre,RK iso-SK-GFR,0.876485549
003,pre,RK iso-SK-GFR,0.895
034,pre,LK iso-SK-GFR,0.992166667
003,pre,field_strength,1
004,pre,field_strength,1
006,pre,field_strength,1
009,pre,field_strength,1
010,pre,field_strength,1
012,pre,field_strength,1
013,pre,field_strength,1
014,pre,field_strength,1
016,pre,field_strength,1
018,pre,field_strength,1
021,pre,field_strength,1
023,pre,field_strength,1
026,pre,field_strength,1
027,pre,field_strength,1
030,pre,field_strength,1
032,pre,field_strength,1
035,pre,field_strength,1
036,pre,field_strength,1
040,pre,field_strength,1
043,pre,field_strength,1
044,pre,field_strength,1
052,pre,field_strength,1
053,pre,field_strength,1
055,pre,field_strength,1
056,pre,field_strength,1
057,pre,field_strength,1
059,pre,field_strength,1
081,pre,field_strength,1
083,pre,field_strength,1
085,pre,field_strength,1
086,pre,field_strength,1
087,pre,field_strength,1
088,pre,field_strength,1
089,pre,field_strength,1
090,pre,field_strength,1
091,pre,field_strength,1
092,pre,field_strength,1
095,pre,field_strength,1
096,pre,field_strength,1
099,pre,field_strength,1
100,pre,field_strength,1
004,pre,RK iso-SK-GFR,1.011666667
024,pre,RK iso-SK-GFR,1.058333333
033,pre,RK iso-SK-GFR,1.088333333
024,pre,LK iso-SK-GFR,1.101666667
017,pre,LK T1,1.116316586
007,pre,LK T1,1.142
007,pre,RK T1,1.142
033,pre,LK T1,1.142
033,pre,RK T1,1.142
041,pre,LK T1,1.142
041,pre,RK T1,1.142
045,pre,LK T1,1.142
005,pre,LK T1,1.157960491
005,pre,RK T1,1.157960491
005,post,RK T1,1.163834696
031,pre,LK T1,1.168942594
071,pre,RK T1,1.196437148
060,pre,RK T1,1.206328062
047,post,RK T1,1.218988207
029,post,RK T1,1.222167013
079,pre,RK T1,1.223469332
050,post,RK T1,1.226823235
020,post,LK T1,1.227025287
034,pre,RK T1,1.23009
096,pre,RK iso-SK-GFR,1.233333333
015,pre,RK T1,1.237600449
050,post,LK T1,1.239342405
071,pre,LK T1,1.243692699
062,pre,LK T1,1.245477914
047,post,LK T1,1.250058892
073,pre,RK T1,1.252689276
094,pre,LK T1,1.255935958
017,pre,RK T1,1.256608863
037,pre,LK T1,1.256702601
082,post,LK T1,1.257612113
034,pre,RK iso-SK-GFR,1.261833333
020,post,RK T1,1.268116178
015,post,RK T1,1.269151702
070,pre,RK T1,1.272437684
031,post,LK T1,1.27323772
067,pre,RK T1,1.274624763
069,pre,LK T1,1.274832771
072,pre,RK T1,1.277037367
094,pre,RK T1,1.280554404
019,pre,LK T1,1.282276432
019,pre,RK T1,1.282806519
063,pre,RK T1,1.284306449
072,pre,LK T1,1.284714581
042,pre,RK T1,1.289880716
034,pre,LK T1,1.29038
073,pre,LK T1,1.29213214
029,post,LK T1,1.294131492
038,pre,LK T1,1.294843813
029,pre,RK T1,1.296955755
077,pre,LK T1,1.300049201
015,pre,LK T1,1.300198158
063,pre,LK T1,1.303453738
051,pre,LK T1,1.305387562
069,pre,RK T1,1.30640918
029,pre,LK T1,1.310870551
064,pre,LK T1,1.312344673
002,pre,LK T1,1.320252514
066,pre,RK T1,1.324952978
060,pre,LK T1,1.325763253
076,pre,LK T1,1.326929726
049,pre,RK T1,1.330617514
051,pre,RK T1,1.331493665
065,pre,RK T1,1.332164493
098,post,LK T1,1.335958486
074,pre,LK T1,1.337340265
068,pre,LK T1,1.340232039
045,pre,RK T1,1.341205377
022,post,LK T1,1.344392691
002,pre,RK T1,1.346898681
008,pre,RK T1,1.351959042
047,pre,RK T1,1.352856848
048,post,LK T1,1.355273654
058,pre,RK T1,1.35978325
054,pre,RK T1,1.361112962
037,pre,RK T1,1.364719463
065,pre,LK T1,1.365047248
070,pre,LK T1,1.367878042
076,pre,RK T1,1.368408586
082,post,RK T1,1.368653908
031,post,RK T1,1.36899139
074,pre,RK T1,1.369912599
031,pre,RK T1,1.373206081
084,pre,LK T1,1.381833077
068,pre,RK T1,1.384422943
048,pre,RK T1,1.388077302
078,pre,LK T1,1.38919593
024,pre,LK T1,1.391734916
048,post,RK T1,1.394956779
008,pre,LK T1,1.395857481
039,post,RK T1,1.39652832
038,pre,RK T1,1.397170114
098,pre,RK T1,1.398214621
025,pre,RK T1,1.39919
048,pre,LK T1,1.402054323
066,pre,LK T1,1.402181302
011,pre,RK T1,1.403684781
077,pre,RK T1,1.404404917
080,pre,LK T1,1.410394765
024,pre,RK T1,1.411015521
098,post,RK T1,1.411312455
005,post,LK T1,1.414392614
061,pre,RK T1,1.417768083
028,pre,RK T1,1.419697984
067,pre,LK T1,1.420305514
047,pre,LK T1,1.426463672
084,pre,RK T1,1.429823262
080,pre,RK T1,1.433186925
097,pre,LK T1,1.433494331
001,post,LK T1,1.438688528
039,post,LK T1,1.445154177
025,pre,LK T1,1.4477
054,pre,LK T1,1.450273436
022,post,RK T1,1.45114682
042,pre,LK T1,1.45636168
079,pre,LK T1,1.457354835
097,pre,RK T1,1.462135803
098,pre,LK T1,1.477645436
079,post,RK T1,1.479359262
011,pre,LK T1,1.480006203
058,pre,LK T1,1.486993007
022,pre,LK T1,1.488881231
049,pre,LK T1,1.49466385
064,pre,RK T1,1.49757608
015,post,LK T1,1.497823398
028,pre,LK T1,1.504536218
001,post,RK T1,1.504993381
062,pre,RK T1,1.505442191
050,pre,RK T1,1.51427156
078,pre,RK T1,1.518434566
079,post,LK T1,1.529484379
022,pre,RK T1,1.543398976
050,pre,LK T1,1.559629235
080,post,LK T1,1.563066139
025,post,LK T1,1.564295029
025,post,RK T1,1.573699358
061,pre,LK T1,1.580608531
046,post,LK T1,1.581757362
039,pre,LK T1,1.5961732
039,pre,RK T1,1.601497674
080,post,RK T1,1.621996553
001,pre,LK T1,1.65794
046,post,RK T1,1.675944741
001,pre,RK T1,1.704507
075,pre,LK T1,1.865141001
075,pre,RK T1,1.90201147
091,pre,RK vol,2.7664185
001,post,field_strength,3
001,post,rate,3
001,pre,field_strength,3
001,pre,rate,3
002,pre,field_strength,3
002,pre,rate,3
005,post,field_strength,3
005,post,rate,3
005,pre,field_strength,3
005,pre,rate,3
007,pre,field_strength,3
007,pre,rate,3
008,pre,field_strength,3
008,pre,rate,3
011,pre,field_strength,3
011,pre,rate,3
015,post,field_strength,3
015,post,rate,3
015,pre,field_strength,3
015,pre,rate,3
017,pre,field_strength,3
017,pre,rate,3
019,pre,field_strength,3
019,pre,rate,3
020,post,field_strength,3
020,post,rate,3
022,post,field_strength,3
022,post,rate,3
022,pre,field_strength,3
022,pre,rate,3
024,pre,field_strength,3
024,pre,rate,3
025,post,field_strength,3
025,post,rate,3
025,pre,field_strength,3
025,pre,rate,3
028,pre,field_strength,3
028,pre,rate,3
029,post,field_strength,3
029,post,rate,3
029,pre,field_strength,3
029,pre,rate,3
031,post,field_strength,3
031,post,rate,3
031,pre,field_strength,3
031,pre,rate,3
033,pre,field_strength,3
033,pre,rate,3
034,pre,field_strength,3
034,pre,rate,3
037,pre,field_strength,3
037,pre,rate,3
038,pre,field_strength,3
038,pre,rate,3
039,post,field_strength,3
039,post,rate,3
039,pre,field_strength,3
039,pre,rate,3
041,pre,field_strength,3
041,pre,rate,3
042,pre,field_strength,3
042,pre,rate,3
045,pre,field_strength,3
045,pre,rate,3
046,post,field_strength,3
046,post,rate,3
047,post,field_strength,3
047,post,rate,3
047,pre,field_strength,3
047,pre,rate,3
048,post,field_strength,3
048,post,rate,3
048,pre,field_strength,3
048,pre,rate,3
049,pre,field_strength,3
049,pre,rate,3
050,post,field_strength,3
050,post,rate,3
050,pre,field_strength,3
050,pre,rate,3
051,pre,field_strength,3
051,pre,rate,3
054,pre,field_strength,3
054,pre,rate,3
058,pre,field_strength,3
058,pre,rate,3
060,pre,field_strength,3
060,pre,rate,3
061,pre,field_strength,3
061,pre,rate,3
062,pre,field_strength,3
062,pre,rate,3
063,pre,field_strength,3
063,pre,rate,3
064,pre,field_strength,3
064,pre,rate,3
065,pre,field_strength,3
065,pre,rate,3
066,pre,field_strength,3
066,pre,rate,3
067,pre,field_strength,3
067,pre,rate,3
068,pre,field_strength,3
068,pre,rate,3
069,pre,field_strength,3
069,pre,rate,3
070,pre,field_strength,3
070,pre,rate,3
071,pre,field_strength,3
071,pre,rate,3
072,pre,field_strength,3
072,pre,rate,3
073,pre,field_strength,3
073,pre,rate,3
074,pre,field_strength,3
074,pre,rate,3
075,pre,field_strength,3
075,pre,rate,3
076,pre,field_strength,3
076,pre,rate,3
077,pre,field_strength,3
077,pre,rate,3
078,pre,field_strength,3
078,pre,rate,3
079,post,field_strength,3
079,post,rate,3
079,pre,field_strength,3
079,pre,rate,3
080,post,field_strength,3
080,post,rate,3
080,pre,field_strength,3
080,pre,rate,3
082,post,field_strength,3
082,post,rate,3
084,pre,field_strength,3
084,pre,rate,3
093,pre,field_strength,3
093,pre,rate,3
094,pre,field_strength,3
094,pre,rate,3
097,pre,field_strength,3
097,pre,rate,3
098,post,field_strength,3
098,post,rate,3
098,pre,field_strength,3
098,pre,rate,3
003,pre,rate,5
004,pre,rate,5
006,pre,rate,5
007,pre,n0,5
009,pre,rate,5
010,pre,n0,5
010,pre,rate,5
012,pre,rate,5
013,pre,rate,5
014,pre,rate,5
016,pre,rate,5
018,pre,rate,5
021,pre,rate,5
023,pre,rate,5
025,pre,n0,5
026,pre,rate,5
027,pre,rate,5
030,pre,rate,5
032,pre,rate,5
035,pre,rate,5
036,pre,rate,5
039,post,n0,5
039,pre,n0,5
040,pre,rate,5
043,pre,rate,5
044,pre,rate,5
052,pre,rate,5
053,pre,rate,5
055,pre,rate,5
056,pre,rate,5
057,pre,rate,5
059,pre,rate,5
081,pre,rate,5
083,pre,rate,5
085,pre,n0,5
085,pre,rate,5
086,pre,rate,5
087,pre,rate,5
088,pre,rate,5
089,pre,rate,5
090,pre,rate,5
091,pre,rate,5
092,pre,rate,5
095,pre,rate,5
096,pre,n0,5
096,pre,rate,5
099,pre,rate,5
100,pre,rate,5
092,pre,RK vol,5.7945251
001,post,n0,10
001,pre,n0,10
002,pre,n0,10
003,pre,n0,10
004,pre,n0,10
005,post,n0,10
005,pre,n0,10
006,pre,n0,10
008,pre,n0,10
009,pre,n0,10
011,pre,n0,10
012,pre,n0,10
013,pre,n0,10
014,pre,n0,10
015,post,n0,10
015,pre,n0,10
016,pre,n0,10
017,pre,n0,10
018,pre,n0,10
019,pre,n0,10
020,post,n0,10
021,pre,n0,10
022,post,n0,10
022,pre,n0,10
023,pre,n0,10
024,pre,n0,10
025,post,n0,10
026,pre,n0,10
027,pre,n0,10
028,pre,n0,10
029,post,n0,10
029,pre,n0,10
030,pre,n0,10
031,post,n0,10
031,pre,n0,10
032,pre,n0,10
033,pre,n0,10
034,pre,n0,10
035,pre,n0,10
036,pre,n0,10
037,pre,n0,10
038,pre,n0,10
040,pre,n0,10
041,pre,n0,10
042,pre,n0,10
043,pre,n0,10
044,pre,n0,10
045,pre,n0,10
046,post,n0,10
047,post,n0,10
047,pre,n0,10
048,post,n0,10
048,pre,n0,10
049,pre,n0,10
050,post,n0,10
050,pre,n0,10
051,pre,n0,10
052,pre,n0,10
053,pre,n0,10
054,pre,n0,10
055,pre,n0,10
056,pre,n0,10
057,pre,n0,10
058,pre,n0,10
059,pre,n0,10
060,pre,n0,10
061,pre,n0,10
062,pre,n0,10
063,pre,n0,10
064,pre,n0,10
065,pre,n0,10
066,pre,n0,10
067,pre,n0,10
068,pre,n0,10
069,pre,n0,10
070,pre,n0,10
071,pre,n0,10
072,pre,n0,10
073,pre,n0,10
074,pre,n0,10
075,pre,n0,10
076,pre,n0,10
077,pre,n0,10
078,pre,n0,10
079,post,n0,10
079,pre,n0,10
080,post,n0,10
080,pre,n0,10
081,pre,n0,10
082,post,n0,10
083,pre,n0,10
084,pre,n0,10
086,pre,n0,10
087,pre,n0,10
088,pre,n0,10
089,pre,n0,10
090,pre,n0,10
091,pre,n0,10
092,pre,n0,10
093,pre,n0,10
094,pre,n0,10
095,pre,n0,10
097,pre,n0,10
098,post,n0,10
098,pre,n0,10
099,pre,n0,10
100,pre,n0,10
070,pre,RK vol,13.3203115
012,pre,LK vol,14.299393
083,pre,LK vol,16.37774775
001,post,FA,17
001,pre,FA,17
002,pre,FA,17
005,post,FA,17
005,pre,FA,17
007,pre,FA,17
008,pre,FA,17
011,pre,FA,17
015,post,FA,17
015,pre,FA,17
017,pre,FA,17
019,pre,FA,17
020,post,FA,17
022,post,FA,17
022,pre,FA,17
024,pre,FA,17
025,post,FA,17
025,pre,FA,17
028,pre,FA,17
029,post,FA,17
029,pre,FA,17
031,post,FA,17
031,pre,FA,17
033,pre,FA,17
034,pre,FA,17
037,pre,FA,17
038,pre,FA,17
039,post,FA,17
039,pre,FA,17
041,pre,FA,17
042,pre,FA,17
045,pre,FA,17
046,post,FA,17
047,post,FA,17
047,pre,FA,17
048,post,FA,17
048,pre,FA,17
049,pre,FA,17
050,post,FA,17
050,pre,FA,17
051,pre,FA,17
054,pre,FA,17
058,pre,FA,17
060,pre,FA,17
061,pre,FA,17
062,pre,FA,17
063,pre,FA,17
064,pre,FA,17
065,pre,FA,17
066,pre,FA,17
067,pre,FA,17
068,pre,FA,17
069,pre,FA,17
070,pre,FA,17
071,pre,FA,17
072,pre,FA,17
073,pre,FA,17
074,pre,FA,17
075,pre,FA,17
076,pre,FA,17
077,pre,FA,17
078,pre,FA,17
079,post,FA,17
079,pre,FA,17
080,post,FA,17
080,pre,FA,17
082,post,FA,17
084,pre,FA,17
093,pre,FA,17
094,pre,FA,17
097,pre,FA,17
098,post,FA,17
098,pre,FA,17
096,pre,LK vol,19.196701
059,pre,LK vol,19.28437875
065,pre,RK vol,19.8
003,pre,FA,20
004,pre,FA,20
006,pre,FA,20
009,pre,FA,20
010,pre,FA,20
012,pre,FA,20
013,pre,FA,20
014,pre,FA,20
016,pre,FA,20
018,pre,FA,20
021,pre,FA,20
023,pre,FA,20
026,pre,FA,20
027,pre,FA,20
030,pre,FA,20
032,pre,FA,20
035,pre,FA,20
036,pre,FA,20
040,pre,FA,20
043,pre,FA,20
044,pre,FA,20
052,pre,FA,20
053,pre,FA,20
055,pre,FA,20
056,pre,FA,20
057,pre,FA,20
059,pre,FA,20
081,pre,FA,20
083,pre,FA,20
085,pre,FA,20
086,pre,FA,20
087,pre,FA,20
088,pre,FA,20
089,pre,FA,20
090,pre,FA,20
091,pre,FA,20
092,pre,FA,20
095,pre,FA,20
096,pre,FA,20
099,pre,FA,20
100,pre,FA,20
027,pre,RK vol,27.084732
085,pre,LK vol,27.664185
026,pre,RK vol,30.430603
066,pre,RK vol,34.609
018,pre,LK vol,35.010147
061,pre,LK vol,36.015623
095,pre,LK vol,40.5056
020,post,LK vol,40.5078125
031,pre,RK vol,43.28125
014,pre,LK vol,44.62423875
067,pre,LK vol,47.69
049,pre,LK vol,50.859375
054,pre,RK vol,51.171875
009,pre,LK vol,51.36911325
058,pre,LK vol,52.8515625
062,pre,LK vol,53.398435
100,pre,RK vol,53.533936
001,pre,RK vol,54.415
082,post,RK vol,54.4921875
069,pre,LK vol,54.531245
029,pre,RK vol,54.96
010,pre,RK vol,54.9651375
009,pre,RK vol,55.80358875
081,pre,LK vol,56.132126
021,pre,RK vol,56.393814
072,pre,RK vol,56.48437
017,pre,RK vol,56.6015625
029,post,RK vol,57.6953125
089,pre,RK vol,61.552811
067,pre,RK vol,61.87
048,post,LK vol,62.305
032,pre,LK vol,63.12294
043,pre,LK vol,63.48007575
057,pre,RK vol,64.076233
068,pre,LK vol,66.17187
050,post,LK vol,67.4609375
060,pre,LK vol,67.57
030,pre,LK vol,68.767929
046,post,LK vol,68.828125
001,post,weight,70
001,pre,weight,70
002,pre,weight,70
003,pre,weight,70
004,pre,weight,70
005,post,weight,70
005,pre,weight,70
006,pre,weight,70
007,pre,weight,70
008,pre,weight,70
009,pre,weight,70
010,pre,weight,70
011,pre,weight,70
012,pre,weight,70
013,pre,weight,70
014,pre,weight,70
015,post,weight,70
015,pre,weight,70
016,pre,weight,70
017,pre,weight,70
018,pre,weight,70
019,pre,weight,70
020,post,weight,70
021,pre,weight,70
022,post,weight,70
022,pre,weight,70
023,pre,weight,70
024,pre,weight,70
025,post,weight,70
025,pre,weight,70
026,pre,weight,70
027,pre,weight,70
028,pre,weight,70
029,post,weight,70
029,pre,weight,70
030,pre,weight,70
031,post,weight,70
031,pre,weight,70
032,pre,weight,70
033,pre,weight,70
034,pre,weight,70
035,pre,weight,70
036,pre,weight,70
037,pre,weight,70
038,pre,weight,70
039,post,weight,70
039,pre,weight,70
040,pre,weight,70
041,pre,weight,70
042,pre,weight,70
043,pre,weight,70
044,pre,weight,70
045,pre,weight,70
046,post,weight,70
047,post,weight,70
047,pre,weight,70
048,post,weight,70
048,pre,weight,70
049,pre,weight,70
050,post,weight,70
050,pre,weight,70
051,pre,weight,70
052,pre,weight,70
053,pre,weight,70
054,pre,weight,70
055,pre,weight,70
056,pre,weight,70
057,pre,weight,70
058,pre,weight,70
059,pre,weight,70
060,pre,weight,70
061,pre,weight,70
062,pre,weight,70
063,pre,weight,70
064,pre,weight,70
065,pre,weight,70
066,pre,weight,70
067,pre,weight,70
068,pre,weight,70
069,pre,weight,70
070,pre,weight,70
071,pre,weight,70
072,pre,weight,70
073,pre,weight,70
074,pre,weight,70
075,pre,weight,70
076,pre,weight,70
077,pre,weight,70
078,pre,weight,70
079,post,weight,70
079,pre,weight,70
080,post,weight,70
080,pre,weight,70
081,pre,weight,70
082,post,weight,70
083,pre,weight,70
084,pre,weight,70
085,pre,weight,70
086,pre,weight,70
087,pre,weight,70
088,pre,weight,70
089,pre,weight,70
090,pre,weight,70
091,pre,weight,70
092,pre,weight,70
093,pre,weight,70
094,pre,weight,70
095,pre,weight,70
096,pre,weight,70
097,pre,weight,70
098,post,weight,70
098,pre,weight,70
099,pre,weight,70
100,pre,weight,70
069,pre,RK vol,70.23437
027,pre,LK vol,70.767975
005,pre,RK vol,71.5
078,pre,LK vol,71.679685
095,pre,RK vol,72.730637
013,pre,LK vol,73.31790375
074,pre,RK vol,73.47656
075,pre,RK vol,75
050,post,RK vol,75.3515625
079,pre,RK vol,75.5859375
050,pre,LK vol,75.6640625
001,post,RK vol,75.78
091,pre,LK vol,75.852203
022,pre,RK vol,77.0703125
090,pre,RK vol,77.216721
062,pre,RK vol,79.29687
076,pre,LK vol,79.29687
052,pre,LK vol,79.366302
050,pre,RK vol,80.078125
011,pre,LK vol,80.234375
015,post,LK vol,80.234375
097,pre,RK vol,80.46875
032,pre,RK vol,81.179428
023,pre,RK vol,81.272888
064,pre,LK vol,81.87
044,pre,LK vol,82.095337
058,pre,RK vol,82.65625
022,post,RK vol,83.205
031,post,RK vol,84.1796875
097,pre,LK vol,85.2734375
080,post,RK vol,85.35
046,post,RK vol,85.625
041,pre,RK vol,85.7421875
079,post,RK vol,86.328125
017,pre,LK vol,86.71875
039,pre,LK vol,86.915
060,pre,RK vol,87.18
080,pre,RK vol,87.385
064,pre,RK vol,87.69
035,pre,RK vol,88.207626
081,pre,RK vol,88.488007
035,pre,LK vol,88.768387
015,post,RK vol,88.8671875
026,pre,LK vol,90.09552
100,pre,LK vol,90.768433
092,pre,LK vol,92.618942
047,pre,RK vol,93.2421875
048,pre,LK vol,93.75
023,pre,LK vol,94.375992
025,post,LK vol,95.15625
039,post,LK vol,95.625
029,pre,LK vol,96.21
040,pre,LK vol,96.83180325
029,post,LK vol,97.8125
079,pre,LK vol,99.7265625
086,pre,LK vol,99.983597
025,post,RK vol,100.703125
010,pre,LK vol,101.6948205
053,pre,LK vol,102.2165235
072,pre,LK vol,102.46093
015,pre,LK vol,102.4609375
071,pre,LK vol,102.695305
071,pre,RK vol,102.73437
083,pre,RK vol,102.8686523
018,pre,RK vol,103.77808
054,pre,LK vol,104.17969
038,pre,LK vol,104.2578125
052,pre,RK vol,104.30145
030,pre,RK vol,104.56314
079,post,LK vol,104.8046875
038,pre,RK vol,104.84375
073,pre,LK vol,105.11718
036,pre,LK vol,105.55382
025,pre,RK vol,105.7421875
086,pre,RK vol,106.35757
070,pre,LK vol,107.30468
074,pre,LK vol,107.42187
047,post,RK vol,108.2421875
005,post,RK vol,108.36
025,pre,LK vol,109.609375
073,pre,RK vol,109.92187
037,pre,LK vol,110.23437
075,pre,LK vol,110.7
011,pre,RK vol,111.796875
044,pre,RK vol,111.79695
012,pre,RK vol,111.94649
041,pre,LK vol,112.2265625
043,pre,RK vol,112.836906
051,pre,LK vol,113.4375
036,pre,RK vol,113.92784
068,pre,RK vol,114.687495
045,pre,LK vol,117.265625
002,pre,LK vol,117.578125
015,pre,RK vol,118.3203125
087,pre,LK vol,118.61954
001,post,LK vol,119.805
051,pre,RK vol,120
055,pre,LK vol,123.14301
093,pre,RK vol,124.6484375
039,post,RK vol,125.234375
039,pre,RK vol,125.625
048,pre,RK vol,125.74
048,post,RK vol,126.365
098,post,RK vol,126.6796875
053,pre,RK vol,127.0346805
045,pre,RK vol,127.3828125
076,pre,RK vol,127.46093
006,pre,LK vol,128.67584
005,pre,LK vol,128.71
002,pre,RK vol,129.296875
088,pre,LK vol,129.38965
098,post,LK vol,129.453125
037,pre,RK vol,129.765615
084,pre,LK vol,131.2890625
082,post,LK vol,131.6015625
055,pre,RK vol,131.68526
028,pre,RK vol,132.34375
005,post,LK vol,133.01
098,pre,LK vol,134.14
001,pre,LK vol,134.335
014,pre,RK vol,134.3571548
094,pre,RK vol,138.671875
088,pre,RK vol,138.84277
056,pre,LK vol,139.34454
028,pre,LK vol,139.7265625
007,pre,LK vol,140.42968
098,pre,RK vol,141.21
057,pre,LK vol,141.87241
078,pre,RK vol,142.421865
084,pre,RK vol,143.1640625
033,pre,LK vol,144.53125
042,pre,RK vol,144.68749
094,pre,LK vol,145.3125
087,pre,RK vol,145.4052
007,pre,RK vol,145.46874
003,pre,LK vol,145.5178725
004,pre,LK vol,146.91925
013,pre,RK vol,147.5860523
090,pre,LK vol,148.28377
056,pre,RK vol,150.92564
099,pre,LK vol,155.01289
047,pre,LK vol,156.4453125
006,pre,RK vol,157.53632
089,pre,LK vol,157.62978
019,pre,LK vol,157.96874
003,pre,RK vol,159.4361633
061,pre,RK vol,160.859365
077,pre,LK vol,161.640615
016,pre,LK vol,162.09717
077,pre,RK vol,162.61718
004,pre,RK vol,162.63924
008,pre,LK vol,164.1015625
047,post,LK vol,165.703125
008,pre,RK vol,168.0859375
080,post,LK vol,169.725
040,pre,RK vol,169.777062
022,pre,LK vol,170.2734375
099,pre,RK vol,170.88242
019,pre,RK vol,171.054675
065,pre,LK vol,172.53
022,post,LK vol,172.655
093,pre,LK vol,173.28125
042,pre,LK vol,174.21874
096,pre,RK vol,174.47128
021,pre,LK vol,174.82643
080,pre,LK vol,176.835
020,post,RK vol,179.257815
033,pre,RK vol,184.453125
016,pre,RK vol,190.06042
063,pre,RK vol,190.27
063,pre,LK vol,190.66
031,pre,LK vol,193.28125
024,pre,LK vol,194.53125
024,pre,RK vol,194.609375
034,pre,LK vol,195.1953125
066,pre,LK vol,197.77
085,pre,RK vol,205.18227
031,post,LK vol,218.7109375
049,pre,RK vol,224.7265625
034,pre,RK vol,246.5234375
059,pre,RK vol,298.8053933
003,pre,agent,gadodiamide
004,pre,agent,gadodiamide
006,pre,agent,gadodiamide
009,pre,agent,gadodiamide
010,pre,agent,gadodiamide
012,pre,agent,gadodiamide
013,pre,agent,gadodiamide
014,pre,agent,gadodiamide
016,pre,agent,gadodiamide
018,pre,agent,gadodiamide
021,pre,agent,gadodiamide
023,pre,agent,gadodiamide
026,pre,agent,gadodiamide
027,pre,agent,gadodiamide
030,pre,agent,gadodiamide
032,pre,agent,gadodiamide
035,pre,agent,gadodiamide
036,pre,agent,gadodiamide
040,pre,agent,gadodiamide
043,pre,agent,gadodiamide
044,pre,agent,gadodiamide
052,pre,agent,gadodiamide
053,pre,agent,gadodiamide
055,pre,agent,gadodiamide
056,pre,agent,gadodiamide
057,pre,agent,gadodiamide
059,pre,agent,gadodiamide
081,pre,agent,gadodiamide
083,pre,agent,gadodiamide
085,pre,agent,gadodiamide
086,pre,agent,gadodiamide
087,pre,agent,gadodiamide
088,pre,agent,gadodiamide
089,pre,agent,gadodiamide
090,pre,agent,gadodiamide
091,pre,agent,gadodiamide
092,pre,agent,gadodiamide
095,pre,agent,gadodiamide
096,pre,agent,gadodiamide
099,pre,agent,gadodiamide
100,pre,agent,gadodiamide
001,post,agent,gadoterate
001,pre,agent,gadoterate
002,pre,agent,gadoterate
005,post,agent,gadoterate
005,pre,agent,gadoterate
007,pre,agent,gadoterate
008,pre,agent,gadoterate
011,pre,agent,gadoterate
015,post,agent,gadoterate
015,pre,agent,gadoterate
017,pre,agent,gadoterate
019,pre,agent,gadoterate
020,post,agent,gadoterate
022,post,agent,gadoterate
022,pre,agent,gadoterate
024,pre,agent,gadoterate
025,post,agent,gadoterate
025,pre,agent,gadoterate
028,pre,agent,gadoterate
029,post,agent,gadoterate
029,pre,agent,gadoterate
031,post,agent,gadoterate
031,pre,agent,gadoterate
033,pre,agent,gadoterate
034,pre,agent,gadoterate
037,pre,agent,gadoterate
038,pre,agent,gadoterate
039,post,agent,gadoterate
039,pre,agent,gadoterate
041,pre,agent,gadoterate
042,pre,agent,gadoterate
045,pre,agent,gadoterate
046,post,agent,gadoterate
047,post,agent,gadoterate
047,pre,agent,gadoterate
048,post,agent,gadoterate
048,pre,agent,gadoterate
049,pre,agent,gadoterate
050,post,agent,gadoterate
050,pre,agent,gadoterate
051,pre,agent,gadoterate
054,pre,agent,gadoterate
058,pre,agent,gadoterate
060,pre,agent,gadoterate
061,pre,agent,gadoterate
062,pre,agent,gadoterate
063,pre,agent,gadoterate
064,pre,agent,gadoterate
065,pre,agent,gadoterate
066,pre,agent,gadoterate
067,pre,agent,gadoterate
068,pre,agent,gadoterate
069,pre,agent,gadoterate
070,pre,agent,gadoterate
071,pre,agent,gadoterate
072,pre,agent,gadoterate
073,pre,agent,gadoterate
074,pre,agent,gadoterate
075,pre,agent,gadoterate
076,pre,agent,gadoterate
077,pre,agent,gadoterate
078,pre,agent,gadoterate
079,post,agent,gadoterate
079,pre,agent,gadoterate
080,post,agent,gadoterate
080,pre,agent,gadoterate
082,post,agent,gadoterate
084,pre,agent,gadoterate
093,pre,agent,gadoterate
094,pre,agent,gadoterate
097,pre,agent,gadoterate
098,post,agent,gadoterate
098,pre,agent,gadoterate
