subject,study,parameter,value
3,control,dose_2,0
1,control,TR,0.00371
2,control,TR,0.00371
3,control,TR,0.00371
4,control,TR,0.00371
5,control,TR,0.00371
6,control,TR,0.00371
7,control,TR,0.00371
8,control,TR,0.00371
9,control,TR,0.00371
10,control,TR,0.00371
2,control,dose_1,0.0125
2,control,dose_2,0.0125
3,control,dose_1,0.0125
4,control,dose_1,0.025
4,control,dose_2,0.025
5,control,dose_1,0.025
5,control,dose_2,0.025
6,control,dose_1,0.025
6,control,dose_2,0.025
7,control,dose_1,0.025
7,control,dose_2,0.025
8,control,dose_1,0.025
8,control,dose_2,0.025
9,control,dose_1,0.025
9,control,dose_2,0.025
10,control,dose_1,0.025
10,control,dose_2,0.025
1,control,dose_1,0.125
1,control,dose_2,0.125
1,control,T1_liver_2,0.164630005
1,control,T1_liver_3,0.269029999
5,control,T1_liver_2,0.450480011
8,control,T1_liver_2,0.46023999
6,control,T1_liver_2,0.498440002
4,control,T1_liver_2,0.502459991
3,control,T1_liver_2,0.529400024
7,control,T1_liver_2,0.537539978
10,control,T1_liver_2,0.561890015
8,control,T1_liver_3,0.574929993
2,control,T1_liver_2,0.582789978
7,control,T1_liver_3,0.601840027
9,control,T1_liver_2,0.621599976
4,control,T1_liver_3,0.649890015
3,control,T1_liver_3,0.659650024
5,control,T1_liver_3,0.66952002
6,control,T1_liver_3,0.684710022
3,control,T1_liver_1,0.706900024
10,control,T1_liver_3,0.715039978
9,control,T1_liver_3,0.726429993
2,control,T1_liver_3,0.739849976
8,control,T1_liver_1,0.74397998
2,control,T1_liver_1,0.756169983
1,control,T1_liver_1,0.762049988
4,control,T1_liver_1,0.802359985
5,control,T1_liver_1,0.8025
10,control,T1_liver_1,0.806320007
6,control,T1_liver_1,0.83976001
9,control,T1_liver_1,0.847049988
7,control,T1_liver_1,0.855419983
1,control,T1_kidney_2,0.920289978
5,control,T1_aorta_3,0.965440002
1,control,T1_kidney_3,1.038109985
9,control,T1_kidney_2,1.161630005
10,control,T1_kidney_2,1.165829956
4,control,T1_kidney_2,1.194959961
5,control,T1_kidney_2,1.195689941
8,control,T1_kidney_2,1.21897998
9,control,T1_kidney_3,1.221959961
5,control,T1_aorta_2,1.240209961
7,control,T1_kidney_2,1.258060059
6,control,T1_kidney_2,1.264359985
5,control,T1_aorta_1,1.281560059
8,control,T1_kidney_3,1.300439941
4,control,T1_kidney_3,1.31152002
1,control,T1_portal_2,1.315119995
3,control,T1_kidney_2,1.319859985
7,control,T1_kidney_3,1.322040039
2,control,T1_kidney_3,1.32401001
2,control,T1_kidney_2,1.32977002
1,control,T1_aorta_2,1.33448999
10,control,T1_aorta_3,1.34277002
10,control,T1_kidney_3,1.356630005
6,control,T1_kidney_3,1.370829956
10,control,T1_kidney_1,1.370910034
1,control,T1_kidney_1,1.372089966
3,control,T1_kidney_1,1.39097998
9,control,T1_kidney_1,1.393949951
5,control,T1_kidney_3,1.396550049
4,control,T1_kidney_1,1.396839966
3,control,T1_kidney_3,1.402119995
8,control,T1_kidney_1,1.419420044
6,control,T1_kidney_1,1.424449951
1,control,T1_portal_3,1.426319946
7,control,T1_portal_2,1.431030029
10,control,T1_aorta_2,1.446150024
5,control,T1_kidney_1,1.451339966
2,control,T1_kidney_1,1.458180054
7,control,T1_kidney_1,1.487339966
9,control,T1_portal_2,1.519449951
9,control,T1_aorta_3,1.548160034
4,control,T1_aorta_3,1.56498999
2,control,T1_portal_3,1.565469971
2,control,T1_portal_2,1.572030029
5,control,T1_portal_2,1.574459961
4,control,T1_portal_2,1.583459961
10,control,T1_aorta_1,1.59027002
3,control,T1_aorta_2,1.602300049
1,control,T1_aorta_3,1.605119995
8,control,T1_aorta_2,1.63072998
8,control,T1_portal_2,1.63301001
2,control,T1_aorta_2,1.635400024
8,control,T1_portal_3,1.648
10,control,T1_portal_2,1.663300049
3,control,T1_portal_2,1.66425
3,control,T1_portal_1,1.668319946
3,control,T1_aorta_1,1.66832
4,control,T1_portal_3,1.675160034
10,control,T1_portal_3,1.67573999
4,control,T1_aorta_2,1.678319946
9,control,T1_aorta_2,1.681189941
8,control,T1_aorta_3,1.682119995
3,control,T1_portal_3,1.691369995
1,control,T1_portal_1,1.691390015
2,control,T1_aorta_1,1.699910034
1,control,T1_aorta_1,1.70822998
7,control,T1_aorta_2,1.710680054
2,control,T1_aorta_3,1.713160034
3,control,T1_aorta_3,1.72548999
7,control,T1_portal_3,1.72727002
6,control,T1_portal_2,1.72952002
6,control,T1_portal_3,1.73577002
5,control,T1_portal_3,1.746
10,control,T1_portal_1,1.750790039
6,control,T1_aorta_2,1.753660034
7,control,T1_aorta_3,1.756
8,control,T1_portal_1,1.762300049
6,control,T1_aorta_1,1.765040039
4,control,T1_portal_1,1.77497998
7,control,T1_portal_1,1.778280029
7,control,T1_aorta_1,1.77997998
5,control,T1_portal_1,1.781319946
8,control,T1_aorta_1,1.788430054
6,control,T1_portal_1,1.792040039
9,control,T1_aorta_1,1.798810059
9,control,T1_portal_1,1.798880005
6,control,T1_aorta_3,1.81223999
4,control,T1_aorta_1,1.836619995
9,control,FA_1,12.499999
9,control,FA_2,13.5
5,control,FA_1,14.999999
8,control,FA_1,14.999999
8,control,FA_2,14.999999
1,control,FA_1,15
1,control,FA_2,15
2,control,FA_1,15
2,control,FA_2,15
3,control,FA_1,15
3,control,FA_2,15
4,control,FA_1,15
4,control,FA_2,15
5,control,FA_2,15
6,control,FA_1,15
6,control,FA_2,15
7,control,FA_1,15
7,control,FA_2,15
10,control,FA_1,15
10,control,FA_2,15
6,control,weight,57.05
1,control,t0,60
2,control,t0,60
3,control,t0,60
4,control,t0,60
5,control,t0,60
6,control,t0,60
7,control,t0,60
8,control,t0,60
9,control,t0,60
10,control,t0,60
2,control,weight,63.25
7,control,weight,72
8,control,weight,74
10,control,weight,74
5,control,weight,74.45
1,control,weight,75
3,control,weight,76.3
4,control,weight,81.3
9,control,weight,82.8
5,control,kidney_volume,114.9169922
6,control,kidney_volume,146.4477539
7,control,kidney_volume,170.3979492
2,control,kidney_volume,176.2207031
4,control,kidney_volume,178.7475586
8,control,kidney_volume,182.9223633
1,control,kidney_volume,188.7451172
10,control,kidney_volume,194.5678711
3,control,kidney_volume,205.7739258
9,control,kidney_volume,259.8741478
2,control,liver_volume,683.6791992
6,control,liver_volume,691.1499023
5,control,liver_volume,705.3222656
3,control,liver_volume,874.0722656
4,control,liver_volume,886.0473633
7,control,liver_volume,944.1650391
8,control,liver_volume,1029.309082
10,control,liver_volume,1075.891113
1,control,liver_volume,1106.213379
9,control,liver_volume,1186.116609
1,control,T1_time_1,33976.309
4,control,T1_time_1,35396.105
1,control,T1_time_2,37480.32
2,control,T1_time_1,38487.839
4,control,T1_time_2,38520.633
3,control,T1_time_1,38546.805
5,control,T1_time_1,39134.219
1,control,T1_time_3,41717.212
2,control,T1_time_2,41814.856
3,control,T1_time_2,41959.721
5,control,T1_time_2,42474.079
4,control,T1_time_3,44344.884
6,control,T1_time_1,45706.427
3,control,T1_time_3,47724.231
5,control,T1_time_3,49023.399
6,control,T1_time_2,49399.743
9,control,T1_time_1,49655.237
10,control,T1_time_1,49901.983
8,control,T1_time_1,50794.655
7,control,T1_time_1,53225.859
10,control,T1_time_2,54075.883
9,control,T1_time_2,54560.172
6,control,T1_time_3,54602.341
2,control,T1_time_3,54840.928
8,control,T1_time_2,55539.45
9,control,T1_time_3,57679.274
10,control,T1_time_3,58079.145
7,control,T1_time_2,58511.83
8,control,T1_time_3,59098.597
7,control,T1_time_3,61038.221
