subject,study,parameter,value
S01-10,Day_3,FA,30
S01-10,Day_3,TR,0.036
S01-10,Day_3,n0,4
S01-10,Day_3,center,A
S01-10,Day_3,field_strength,7.0
S01-10,Day_3,BAT,285.0
S01-10,Day_3,duration,30
S01-10,Day_3,study,1
S01-10,Day_3,visit,3
S01-10,Day_4,FA,30
S01-10,Day_4,TR,0.036
S01-10,Day_4,n0,4
S01-10,Day_4,center,A
S01-10,Day_4,field_strength,7.0
S01-10,Day_4,BAT,285.0
S01-10,Day_4,duration,30
S01-10,Day_4,study,1
S01-10,Day_4,visit,4
S01-11,Day_1,FA,30
S01-11,Day_1,TR,0.036
S01-11,Day_1,n0,4
S01-11,Day_1,center,A
S01-11,Day_1,field_strength,7.0
S01-11,Day_1,BAT,285.0
S01-11,Day_1,duration,30
S01-11,Day_1,study,1
S01-11,Day_1,visit,1
S01-11,Day_2,FA,30
S01-11,Day_2,TR,0.036
S01-11,Day_2,n0,4
S01-11,Day_2,center,A
S01-11,Day_2,field_strength,7.0
S01-11,Day_2,BAT,285.0
S01-11,Day_2,duration,30
S01-11,Day_2,study,1
S01-11,Day_2,visit,2
S01-11,Day_3,FA,30
S01-11,Day_3,TR,0.036
S01-11,Day_3,n0,4
S01-11,Day_3,center,A
S01-11,Day_3,field_strength,7.0
S01-11,Day_3,BAT,285.0
S01-11,Day_3,duration,30
S01-11,Day_3,study,1
S01-11,Day_3,visit,3
S01-11,Day_4,FA,30
S01-11,Day_4,TR,0.036
S01-11,Day_4,n0,4
S01-11,Day_4,center,A
S01-11,Day_4,field_strength,7.0
S01-11,Day_4,BAT,285.0
S01-11,Day_4,duration,30
S01-11,Day_4,study,1
S01-11,Day_4,visit,4
S01-12,Day_1,FA,30
S01-12,Day_1,TR,0.036
S01-12,Day_1,n0,4
S01-12,Day_1,center,A
S01-12,Day_1,field_strength,7.0
S01-12,Day_1,BAT,285.0
S01-12,Day_1,duration,30
S01-12,Day_1,study,1
S01-12,Day_1,visit,1
S01-12,Day_2,FA,30
S01-12,Day_2,TR,0.036
S01-12,Day_2,n0,4
S01-12,Day_2,center,A
S01-12,Day_2,field_strength,7.0
S01-12,Day_2,BAT,285.0
S01-12,Day_2,duration,30
S01-12,Day_2,study,1
S01-12,Day_2,visit,2
S01-12,Day_3,FA,30
S01-12,Day_3,TR,0.036
S01-12,Day_3,n0,4
S01-12,Day_3,center,A
S01-12,Day_3,field_strength,7.0
S01-12,Day_3,BAT,285.0
S01-12,Day_3,duration,30
S01-12,Day_3,study,1
S01-12,Day_3,visit,3
S01-12,Day_4,FA,30
S01-12,Day_4,TR,0.036
S01-12,Day_4,n0,4
S01-12,Day_4,center,A
S01-12,Day_4,field_strength,7.0
S01-12,Day_4,BAT,285.0
S01-12,Day_4,duration,30
S01-12,Day_4,study,1
S01-12,Day_4,visit,4
S01-01,Day_1,FA,30
S01-01,Day_1,TR,0.036
S01-01,Day_1,n0,4
S01-01,Day_1,center,A
S01-01,Day_1,field_strength,7.0
S01-01,Day_1,BAT,285.0
S01-01,Day_1,duration,30
S01-01,Day_1,study,1
S01-01,Day_1,visit,1
S01-01,Day_2,FA,30
S01-01,Day_2,TR,0.036
S01-01,Day_2,n0,4
S01-01,Day_2,center,A
S01-01,Day_2,field_strength,7.0
S01-01,Day_2,BAT,285.0
S01-01,Day_2,duration,30
S01-01,Day_2,study,1
S01-01,Day_2,visit,2
S01-01,Day_3,FA,30
S01-01,Day_3,TR,0.036
S01-01,Day_3,n0,4
S01-01,Day_3,center,A
S01-01,Day_3,field_strength,7.0
S01-01,Day_3,BAT,285.0
S01-01,Day_3,duration,30
S01-01,Day_3,study,1
S01-01,Day_3,visit,3
S01-01,Day_4,FA,30
S01-01,Day_4,TR,0.036
S01-01,Day_4,n0,4
S01-01,Day_4,center,A
S01-01,Day_4,field_strength,7.0
S01-01,Day_4,BAT,285.0
S01-01,Day_4,duration,30
S01-01,Day_4,study,1
S01-01,Day_4,visit,4
S01-02,Day_1,FA,30
S01-02,Day_1,TR,0.036
S01-02,Day_1,n0,4
S01-02,Day_1,center,A
S01-02,Day_1,field_strength,7.0
S01-02,Day_1,BAT,285.0
S01-02,Day_1,duration,30
S01-02,Day_1,study,1
S01-02,Day_1,visit,1
S01-02,Day_2,FA,30
S01-02,Day_2,TR,0.036
S01-02,Day_2,n0,4
S01-02,Day_2,center,A
S01-02,Day_2,field_strength,7.0
S01-02,Day_2,BAT,285.0
S01-02,Day_2,duration,30
S01-02,Day_2,study,1
S01-02,Day_2,visit,2
S01-02,Day_3,FA,30
S01-02,Day_3,TR,0.036
S01-02,Day_3,n0,4
S01-02,Day_3,center,A
S01-02,Day_3,field_strength,7.0
S01-02,Day_3,BAT,285.0
S01-02,Day_3,duration,30
S01-02,Day_3,study,1
S01-02,Day_3,visit,3
S01-02,Day_4,FA,30
S01-02,Day_4,TR,0.036
S01-02,Day_4,n0,4
S01-02,Day_4,center,A
S01-02,Day_4,field_strength,7.0
S01-02,Day_4,BAT,285.0
S01-02,Day_4,duration,30
S01-02,Day_4,study,1
S01-02,Day_4,visit,4
S01-03,Day_1,FA,30
S01-03,Day_1,TR,0.036
S01-03,Day_1,n0,4
S01-03,Day_1,center,A
S01-03,Day_1,field_strength,7.0
S01-03,Day_1,BAT,285.0
S01-03,Day_1,duration,30
S01-03,Day_1,study,1
S01-03,Day_1,visit,1
S01-03,Day_2,FA,30
S01-03,Day_2,TR,0.036
S01-03,Day_2,n0,4
S01-03,Day_2,center,A
S01-03,Day_2,field_strength,7.0
S01-03,Day_2,BAT,285.0
S01-03,Day_2,duration,30
S01-03,Day_2,study,1
S01-03,Day_2,visit,2
S01-03,Day_3,FA,30
S01-03,Day_3,TR,0.036
S01-03,Day_3,n0,4
S01-03,Day_3,center,A
S01-03,Day_3,field_strength,7.0
S01-03,Day_3,BAT,285.0
S01-03,Day_3,duration,30
S01-03,Day_3,study,1
S01-03,Day_3,visit,3
S01-03,Day_4,FA,30
S01-03,Day_4,TR,0.036
S01-03,Day_4,n0,4
S01-03,Day_4,center,A
S01-03,Day_4,field_strength,7.0
S01-03,Day_4,BAT,285.0
S01-03,Day_4,duration,30
S01-03,Day_4,study,1
S01-03,Day_4,visit,4
S01-04,Day_1,FA,30
S01-04,Day_1,TR,0.036
S01-04,Day_1,n0,4
S01-04,Day_1,center,A
S01-04,Day_1,field_strength,7.0
S01-04,Day_1,BAT,285.0
S01-04,Day_1,duration,30
S01-04,Day_1,study,1
S01-04,Day_1,visit,1
S01-04,Day_2,FA,30
S01-04,Day_2,TR,0.036
S01-04,Day_2,n0,4
S01-04,Day_2,center,A
S01-04,Day_2,field_strength,7.0
S01-04,Day_2,BAT,285.0
S01-04,Day_2,duration,30
S01-04,Day_2,study,1
S01-04,Day_2,visit,2
S01-04,Day_3,FA,30
S01-04,Day_3,TR,0.036
S01-04,Day_3,n0,4
S01-04,Day_3,center,A
S01-04,Day_3,field_strength,7.0
S01-04,Day_3,BAT,285.0
S01-04,Day_3,duration,30
S01-04,Day_3,study,1
S01-04,Day_3,visit,3
S01-04,Day_4,FA,30
S01-04,Day_4,TR,0.036
S01-04,Day_4,n0,4
S01-04,Day_4,center,A
S01-04,Day_4,field_strength,7.0
S01-04,Day_4,BAT,285.0
S01-04,Day_4,duration,30
S01-04,Day_4,study,1
S01-04,Day_4,visit,4
S01-05,Day_1,FA,30
S01-05,Day_1,TR,0.036
S01-05,Day_1,n0,4
S01-05,Day_1,center,A
S01-05,Day_1,field_strength,7.0
S01-05,Day_1,BAT,285.0
S01-05,Day_1,duration,30
S01-05,Day_1,study,1
S01-05,Day_1,visit,1
S01-05,Day_2,FA,30
S01-05,Day_2,TR,0.036
S01-05,Day_2,n0,4
S01-05,Day_2,center,A
S01-05,Day_2,field_strength,7.0
S01-05,Day_2,BAT,285.0
S01-05,Day_2,duration,30
S01-05,Day_2,study,1
S01-05,Day_2,visit,2
S01-05,Day_3,FA,30
S01-05,Day_3,TR,0.036
S01-05,Day_3,n0,4
S01-05,Day_3,center,A
S01-05,Day_3,field_strength,7.0
S01-05,Day_3,BAT,285.0
S01-05,Day_3,duration,30
S01-05,Day_3,study,1
S01-05,Day_3,visit,3
S01-05,Day_4,FA,30
S01-05,Day_4,TR,0.036
S01-05,Day_4,n0,4
S01-05,Day_4,center,A
S01-05,Day_4,field_strength,7.0
S01-05,Day_4,BAT,285.0
S01-05,Day_4,duration,30
S01-05,Day_4,study,1
S01-05,Day_4,visit,4
S01-06,Day_1,FA,30
S01-06,Day_1,TR,0.036
S01-06,Day_1,n0,4
S01-06,Day_1,center,A
S01-06,Day_1,field_strength,7.0
S01-06,Day_1,BAT,285.0
S01-06,Day_1,duration,30
S01-06,Day_1,study,1
S01-06,Day_1,visit,1
S01-06,Day_2,FA,30
S01-06,Day_2,TR,0.036
S01-06,Day_2,n0,4
S01-06,Day_2,center,A
S01-06,Day_2,field_strength,7.0
S01-06,Day_2,BAT,285.0
S01-06,Day_2,duration,30
S01-06,Day_2,study,1
S01-06,Day_2,visit,2
S01-06,Day_3,FA,30
S01-06,Day_3,TR,0.036
S01-06,Day_3,n0,4
S01-06,Day_3,center,A
S01-06,Day_3,field_strength,7.0
S01-06,Day_3,BAT,285.0
S01-06,Day_3,duration,30
S01-06,Day_3,study,1
S01-06,Day_3,visit,3
S01-06,Day_4,FA,30
S01-06,Day_4,TR,0.036
S01-06,Day_4,n0,4
S01-06,Day_4,center,A
S01-06,Day_4,field_strength,7.0
S01-06,Day_4,BAT,285.0
S01-06,Day_4,duration,30
S01-06,Day_4,study,1
S01-06,Day_4,visit,4
S01-07,Day_1,FA,30
S01-07,Day_1,TR,0.036
S01-07,Day_1,n0,4
S01-07,Day_1,center,A
S01-07,Day_1,field_strength,7.0
S01-07,Day_1,BAT,285.0
S01-07,Day_1,duration,30
S01-07,Day_1,study,1
S01-07,Day_1,visit,1
S01-07,Day_2,FA,30
S01-07,Day_2,TR,0.036
S01-07,Day_2,n0,4
S01-07,Day_2,center,A
S01-07,Day_2,field_strength,7.0
S01-07,Day_2,BAT,285.0
S01-07,Day_2,duration,30
S01-07,Day_2,study,1
S01-07,Day_2,visit,2
S01-07,Day_3,FA,30
S01-07,Day_3,TR,0.036
S01-07,Day_3,n0,4
S01-07,Day_3,center,A
S01-07,Day_3,field_strength,7.0
S01-07,Day_3,BAT,285.0
S01-07,Day_3,duration,30
S01-07,Day_3,study,1
S01-07,Day_3,visit,3
S01-07,Day_4,FA,30
S01-07,Day_4,TR,0.036
S01-07,Day_4,n0,4
S01-07,Day_4,center,A
S01-07,Day_4,field_strength,7.0
S01-07,Day_4,BAT,285.0
S01-07,Day_4,duration,30
S01-07,Day_4,study,1
S01-07,Day_4,visit,4
S01-08,Day_1,FA,30
S01-08,Day_1,TR,0.036
S01-08,Day_1,n0,4
S01-08,Day_1,center,A
S01-08,Day_1,field_strength,7.0
S01-08,Day_1,BAT,285.0
S01-08,Day_1,duration,30
S01-08,Day_1,study,1
S01-08,Day_1,visit,1
S01-08,Day_2,FA,30
S01-08,Day_2,TR,0.036
S01-08,Day_2,n0,4
S01-08,Day_2,center,A
S01-08,Day_2,field_strength,7.0
S01-08,Day_2,BAT,285.0
S01-08,Day_2,duration,30
S01-08,Day_2,study,1
S01-08,Day_2,visit,2
S01-08,Day_3,FA,30
S01-08,Day_3,TR,0.036
S01-08,Day_3,n0,4
S01-08,Day_3,center,A
S01-08,Day_3,field_strength,7.0
S01-08,Day_3,BAT,285.0
S01-08,Day_3,duration,30
S01-08,Day_3,study,1
S01-08,Day_3,visit,3
S01-08,Day_4,FA,30
S01-08,Day_4,TR,0.036
S01-08,Day_4,n0,4
S01-08,Day_4,center,A
S01-08,Day_4,field_strength,7.0
S01-08,Day_4,BAT,285.0
S01-08,Day_4,duration,30
S01-08,Day_4,study,1
S01-08,Day_4,visit,4
S01-09,Day_1,FA,30
S01-09,Day_1,TR,0.036
S01-09,Day_1,n0,4
S01-09,Day_1,center,A
S01-09,Day_1,field_strength,7.0
S01-09,Day_1,BAT,285.0
S01-09,Day_1,duration,30
S01-09,Day_1,study,1
S01-09,Day_1,visit,1
S01-09,Day_2,FA,30
S01-09,Day_2,TR,0.036
S01-09,Day_2,n0,4
S01-09,Day_2,center,A
S01-09,Day_2,field_strength,7.0
S01-09,Day_2,BAT,285.0
S01-09,Day_2,duration,30
S01-09,Day_2,study,1
S01-09,Day_2,visit,2
S01-09,Day_3,FA,30
S01-09,Day_3,TR,0.036
S01-09,Day_3,n0,4
S01-09,Day_3,center,A
S01-09,Day_3,field_strength,7.0
S01-09,Day_3,BAT,285.0
S01-09,Day_3,duration,30
S01-09,Day_3,study,1
S01-09,Day_3,visit,3
S01-09,Day_4,FA,30
S01-09,Day_4,TR,0.036
S01-09,Day_4,n0,4
S01-09,Day_4,center,A
S01-09,Day_4,field_strength,7.0
S01-09,Day_4,BAT,285.0
S01-09,Day_4,duration,30
S01-09,Day_4,study,1
S01-09,Day_4,visit,4
S02-10,Day_1,FA,20
S02-10,Day_1,TR,0.0058
S02-10,Day_1,n0,4
S02-10,Day_1,center,D
S02-10,Day_1,field_strength,4.7
S02-10,Day_1,BAT,292.0
S02-10,Day_1,duration,22
S02-10,Day_1,study,2
S02-10,Day_1,visit,1
S02-10,Day_2,FA,20
S02-10,Day_2,TR,0.0058
S02-10,Day_2,n0,4
S02-10,Day_2,center,D
S02-10,Day_2,field_strength,4.7
S02-10,Day_2,BAT,292.0
S02-10,Day_2,duration,22
S02-10,Day_2,study,2
S02-10,Day_2,visit,2
S02-10,Day_3,FA,20
S02-10,Day_3,TR,0.0058
S02-10,Day_3,n0,4
S02-10,Day_3,center,D
S02-10,Day_3,field_strength,4.7
S02-10,Day_3,BAT,292.0
S02-10,Day_3,duration,22
S02-10,Day_3,study,2
S02-10,Day_3,visit,3
S02-11,Day_1,FA,20
S02-11,Day_1,TR,0.0058
S02-11,Day_1,n0,4
S02-11,Day_1,center,D
S02-11,Day_1,field_strength,4.7
S02-11,Day_1,BAT,292.0
S02-11,Day_1,duration,22
S02-11,Day_1,study,2
S02-11,Day_1,visit,1
S02-11,Day_2,FA,20
S02-11,Day_2,TR,0.0058
S02-11,Day_2,n0,4
S02-11,Day_2,center,D
S02-11,Day_2,field_strength,4.7
S02-11,Day_2,BAT,292.0
S02-11,Day_2,duration,22
S02-11,Day_2,study,2
S02-11,Day_2,visit,2
S02-11,Day_3,FA,20
S02-11,Day_3,TR,0.0058
S02-11,Day_3,n0,4
S02-11,Day_3,center,D
S02-11,Day_3,field_strength,4.7
S02-11,Day_3,BAT,292.0
S02-11,Day_3,duration,22
S02-11,Day_3,study,2
S02-11,Day_3,visit,3
S02-12,Day_1,FA,20
S02-12,Day_1,TR,0.0058
S02-12,Day_1,n0,4
S02-12,Day_1,center,D
S02-12,Day_1,field_strength,4.7
S02-12,Day_1,BAT,292.0
S02-12,Day_1,duration,22
S02-12,Day_1,study,2
S02-12,Day_1,visit,1
S02-12,Day_2,FA,20
S02-12,Day_2,TR,0.0058
S02-12,Day_2,n0,4
S02-12,Day_2,center,D
S02-12,Day_2,field_strength,4.7
S02-12,Day_2,BAT,292.0
S02-12,Day_2,duration,22
S02-12,Day_2,study,2
S02-12,Day_2,visit,2
S02-12,Day_3,FA,20
S02-12,Day_3,TR,0.0058
S02-12,Day_3,n0,4
S02-12,Day_3,center,D
S02-12,Day_3,field_strength,4.7
S02-12,Day_3,BAT,292.0
S02-12,Day_3,duration,22
S02-12,Day_3,study,2
S02-12,Day_3,visit,3
S02-13,Day_1,FA,20
S02-13,Day_1,TR,0.0058
S02-13,Day_1,n0,4
S02-13,Day_1,center,D
S02-13,Day_1,field_strength,4.7
S02-13,Day_1,BAT,292.0
S02-13,Day_1,duration,22
S02-13,Day_1,study,2
S02-13,Day_1,visit,1
S02-13,Day_2,FA,20
S02-13,Day_2,TR,0.0058
S02-13,Day_2,n0,4
S02-13,Day_2,center,D
S02-13,Day_2,field_strength,4.7
S02-13,Day_2,BAT,292.0
S02-13,Day_2,duration,22
S02-13,Day_2,study,2
S02-13,Day_2,visit,2
S02-01,Day_1,FA,20
S02-01,Day_1,TR,0.0058
S02-01,Day_1,n0,4
S02-01,Day_1,center,D
S02-01,Day_1,field_strength,4.7
S02-01,Day_1,BAT,292.0
S02-01,Day_1,duration,22
S02-01,Day_1,study,2
S02-01,Day_1,visit,1
S02-01,Day_2,FA,20
S02-01,Day_2,TR,0.0058
S02-01,Day_2,n0,4
S02-01,Day_2,center,D
S02-01,Day_2,field_strength,4.7
S02-01,Day_2,BAT,292.0
S02-01,Day_2,duration,22
S02-01,Day_2,study,2
S02-01,Day_2,visit,2
S02-02,Day_1,FA,20
S02-02,Day_1,TR,0.0058
S02-02,Day_1,n0,4
S02-02,Day_1,center,D
S02-02,Day_1,field_strength,4.7
S02-02,Day_1,BAT,292.0
S02-02,Day_1,duration,22
S02-02,Day_1,study,2
S02-02,Day_1,visit,1
S02-02,Day_2,FA,20
S02-02,Day_2,TR,0.0058
S02-02,Day_2,n0,4
S02-02,Day_2,center,D
S02-02,Day_2,field_strength,4.7
S02-02,Day_2,BAT,292.0
S02-02,Day_2,duration,22
S02-02,Day_2,study,2
S02-02,Day_2,visit,2
S02-02,Day_3,FA,20
S02-02,Day_3,TR,0.0058
S02-02,Day_3,n0,4
S02-02,Day_3,center,D
S02-02,Day_3,field_strength,4.7
S02-02,Day_3,BAT,292.0
S02-02,Day_3,duration,22
S02-02,Day_3,study,2
S02-02,Day_3,visit,3
S02-03,Day_1,FA,20
S02-03,Day_1,TR,0.0058
S02-03,Day_1,n0,4
S02-03,Day_1,center,D
S02-03,Day_1,field_strength,4.7
S02-03,Day_1,BAT,292.0
S02-03,Day_1,duration,22
S02-03,Day_1,study,2
S02-03,Day_1,visit,1
S02-03,Day_2,FA,20
S02-03,Day_2,TR,0.0058
S02-03,Day_2,n0,4
S02-03,Day_2,center,D
S02-03,Day_2,field_strength,4.7
S02-03,Day_2,BAT,292.0
S02-03,Day_2,duration,22
S02-03,Day_2,study,2
S02-03,Day_2,visit,2
S02-03,Day_3,FA,20
S02-03,Day_3,TR,0.0058
S02-03,Day_3,n0,4
S02-03,Day_3,center,D
S02-03,Day_3,field_strength,4.7
S02-03,Day_3,BAT,292.0
S02-03,Day_3,duration,22
S02-03,Day_3,study,2
S02-03,Day_3,visit,3
S02-04,Day_1,FA,20
S02-04,Day_1,TR,0.0058
S02-04,Day_1,n0,4
S02-04,Day_1,center,D
S02-04,Day_1,field_strength,4.7
S02-04,Day_1,BAT,292.0
S02-04,Day_1,duration,22
S02-04,Day_1,study,2
S02-04,Day_1,visit,1
S02-04,Day_2,FA,20
S02-04,Day_2,TR,0.0058
S02-04,Day_2,n0,4
S02-04,Day_2,center,D
S02-04,Day_2,field_strength,4.7
S02-04,Day_2,BAT,292.0
S02-04,Day_2,duration,22
S02-04,Day_2,study,2
S02-04,Day_2,visit,2
S02-04,Day_3,FA,20
S02-04,Day_3,TR,0.0058
S02-04,Day_3,n0,4
S02-04,Day_3,center,D
S02-04,Day_3,field_strength,4.7
S02-04,Day_3,BAT,292.0
S02-04,Day_3,duration,22
S02-04,Day_3,study,2
S02-04,Day_3,visit,3
S02-05,Day_1,FA,20
S02-05,Day_1,TR,0.0058
S02-05,Day_1,n0,4
S02-05,Day_1,center,D
S02-05,Day_1,field_strength,4.7
S02-05,Day_1,BAT,292.0
S02-05,Day_1,duration,22
S02-05,Day_1,study,2
S02-05,Day_1,visit,1
S02-05,Day_2,FA,20
S02-05,Day_2,TR,0.0058
S02-05,Day_2,n0,4
S02-05,Day_2,center,D
S02-05,Day_2,field_strength,4.7
S02-05,Day_2,BAT,292.0
S02-05,Day_2,duration,22
S02-05,Day_2,study,2
S02-05,Day_2,visit,2
S02-05,Day_3,FA,20
S02-05,Day_3,TR,0.0058
S02-05,Day_3,n0,4
S02-05,Day_3,center,D
S02-05,Day_3,field_strength,4.7
S02-05,Day_3,BAT,292.0
S02-05,Day_3,duration,22
S02-05,Day_3,study,2
S02-05,Day_3,visit,3
S02-06,Day_1,FA,20
S02-06,Day_1,TR,0.0058
S02-06,Day_1,n0,4
S02-06,Day_1,center,D
S02-06,Day_1,field_strength,4.7
S02-06,Day_1,BAT,292.0
S02-06,Day_1,duration,22
S02-06,Day_1,study,2
S02-06,Day_1,visit,1
S02-06,Day_2,FA,20
S02-06,Day_2,TR,0.0058
S02-06,Day_2,n0,4
S02-06,Day_2,center,D
S02-06,Day_2,field_strength,4.7
S02-06,Day_2,BAT,292.0
S02-06,Day_2,duration,22
S02-06,Day_2,study,2
S02-06,Day_2,visit,2
S02-06,Day_3,FA,20
S02-06,Day_3,TR,0.0058
S02-06,Day_3,n0,4
S02-06,Day_3,center,D
S02-06,Day_3,field_strength,4.7
S02-06,Day_3,BAT,292.0
S02-06,Day_3,duration,22
S02-06,Day_3,study,2
S02-06,Day_3,visit,3
S02-07,Day_1,FA,20
S02-07,Day_1,TR,0.0058
S02-07,Day_1,n0,4
S02-07,Day_1,center,D
S02-07,Day_1,field_strength,4.7
S02-07,Day_1,BAT,292.0
S02-07,Day_1,duration,22
S02-07,Day_1,study,2
S02-07,Day_1,visit,1
S02-07,Day_2,FA,20
S02-07,Day_2,TR,0.0058
S02-07,Day_2,n0,4
S02-07,Day_2,center,D
S02-07,Day_2,field_strength,4.7
S02-07,Day_2,BAT,292.0
S02-07,Day_2,duration,22
S02-07,Day_2,study,2
S02-07,Day_2,visit,2
S02-07,Day_3,FA,20
S02-07,Day_3,TR,0.0058
S02-07,Day_3,n0,4
S02-07,Day_3,center,D
S02-07,Day_3,field_strength,4.7
S02-07,Day_3,BAT,292.0
S02-07,Day_3,duration,22
S02-07,Day_3,study,2
S02-07,Day_3,visit,3
S02-08,Day_1,FA,20
S02-08,Day_1,TR,0.0058
S02-08,Day_1,n0,4
S02-08,Day_1,center,D
S02-08,Day_1,field_strength,4.7
S02-08,Day_1,BAT,292.0
S02-08,Day_1,duration,22
S02-08,Day_1,study,2
S02-08,Day_1,visit,1
S02-08,Day_2,FA,20
S02-08,Day_2,TR,0.0058
S02-08,Day_2,n0,4
S02-08,Day_2,center,D
S02-08,Day_2,field_strength,4.7
S02-08,Day_2,BAT,292.0
S02-08,Day_2,duration,22
S02-08,Day_2,study,2
S02-08,Day_2,visit,2
S02-08,Day_3,FA,20
S02-08,Day_3,TR,0.0058
S02-08,Day_3,n0,4
S02-08,Day_3,center,D
S02-08,Day_3,field_strength,4.7
S02-08,Day_3,BAT,292.0
S02-08,Day_3,duration,22
S02-08,Day_3,study,2
S02-08,Day_3,visit,3
S02-09,Day_1,FA,20
S02-09,Day_1,TR,0.0058
S02-09,Day_1,n0,4
S02-09,Day_1,center,D
S02-09,Day_1,field_strength,4.7
S02-09,Day_1,BAT,292.0
S02-09,Day_1,duration,22
S02-09,Day_1,study,2
S02-09,Day_1,visit,1
S02-09,Day_2,FA,20
S02-09,Day_2,TR,0.0058
S02-09,Day_2,n0,4
S02-09,Day_2,center,D
S02-09,Day_2,field_strength,4.7
S02-09,Day_2,BAT,292.0
S02-09,Day_2,duration,22
S02-09,Day_2,study,2
S02-09,Day_2,visit,2
S02-09,Day_3,FA,20
S02-09,Day_3,TR,0.0058
S02-09,Day_3,n0,4
S02-09,Day_3,center,D
S02-09,Day_3,field_strength,4.7
S02-09,Day_3,BAT,292.0
S02-09,Day_3,duration,22
S02-09,Day_3,study,2
S02-09,Day_3,visit,3
S03-01,Day_1,FA,20
S03-01,Day_1,TR,0.0058
S03-01,Day_1,n0,4
S03-01,Day_1,center,G
S03-01,Day_1,field_strength,7.0
S03-01,Day_1,BAT,285.0
S03-01,Day_1,duration,30
S03-01,Day_1,study,3
S03-01,Day_1,visit,1
S03-01,Day_2,FA,20
S03-01,Day_2,TR,0.0058
S03-01,Day_2,n0,4
S03-01,Day_2,center,G
S03-01,Day_2,field_strength,7.0
S03-01,Day_2,BAT,285.0
S03-01,Day_2,duration,30
S03-01,Day_2,study,3
S03-01,Day_2,visit,2
S03-02,Day_1,FA,20
S03-02,Day_1,TR,0.0058
S03-02,Day_1,n0,4
S03-02,Day_1,center,G
S03-02,Day_1,field_strength,7.0
S03-02,Day_1,BAT,285.0
S03-02,Day_1,duration,30
S03-02,Day_1,study,3
S03-02,Day_1,visit,1
S03-02,Day_2,FA,20
S03-02,Day_2,TR,0.0058
S03-02,Day_2,n0,4
S03-02,Day_2,center,G
S03-02,Day_2,field_strength,7.0
S03-02,Day_2,BAT,285.0
S03-02,Day_2,duration,30
S03-02,Day_2,study,3
S03-02,Day_2,visit,2
S03-03,Day_1,FA,20
S03-03,Day_1,TR,0.0058
S03-03,Day_1,n0,4
S03-03,Day_1,center,G
S03-03,Day_1,field_strength,7.0
S03-03,Day_1,BAT,285.0
S03-03,Day_1,duration,30
S03-03,Day_1,study,3
S03-03,Day_1,visit,1
S03-03,Day_2,FA,20
S03-03,Day_2,TR,0.0058
S03-03,Day_2,n0,4
S03-03,Day_2,center,G
S03-03,Day_2,field_strength,7.0
S03-03,Day_2,BAT,285.0
S03-03,Day_2,duration,30
S03-03,Day_2,study,3
S03-03,Day_2,visit,2
S03-04,Day_1,FA,20
S03-04,Day_1,TR,0.0058
S03-04,Day_1,n0,4
S03-04,Day_1,center,G
S03-04,Day_1,field_strength,7.0
S03-04,Day_1,BAT,285.0
S03-04,Day_1,duration,30
S03-04,Day_1,study,3
S03-04,Day_1,visit,1
S03-04,Day_2,FA,20
S03-04,Day_2,TR,0.0058
S03-04,Day_2,n0,4
S03-04,Day_2,center,G
S03-04,Day_2,field_strength,7.0
S03-04,Day_2,BAT,285.0
S03-04,Day_2,duration,30
S03-04,Day_2,study,3
S03-04,Day_2,visit,2
S03-05,Day_1,FA,20
S03-05,Day_1,TR,0.0058
S03-05,Day_1,n0,4
S03-05,Day_1,center,G
S03-05,Day_1,field_strength,7.0
S03-05,Day_1,BAT,285.0
S03-05,Day_1,duration,30
S03-05,Day_1,study,3
S03-05,Day_1,visit,1
S03-05,Day_2,FA,20
S03-05,Day_2,TR,0.0058
S03-05,Day_2,n0,4
S03-05,Day_2,center,G
S03-05,Day_2,field_strength,7.0
S03-05,Day_2,BAT,285.0
S03-05,Day_2,duration,30
S03-05,Day_2,study,3
S03-05,Day_2,visit,2
S03-06,Day_1,FA,20
S03-06,Day_1,TR,0.0058
S03-06,Day_1,n0,4
S03-06,Day_1,center,G
S03-06,Day_1,field_strength,7.0
S03-06,Day_1,BAT,285.0
S03-06,Day_1,duration,30
S03-06,Day_1,study,3
S03-06,Day_1,visit,1
S03-06,Day_2,FA,20
S03-06,Day_2,TR,0.0058
S03-06,Day_2,n0,4
S03-06,Day_2,center,G
S03-06,Day_2,field_strength,7.0
S03-06,Day_2,BAT,285.0
S03-06,Day_2,duration,30
S03-06,Day_2,study,3
S03-06,Day_2,visit,2
