subject,study,parameter,value
14,control,kidney_volume,0
21,control,kidney_volume,0
22,control,kidney_volume,0
14,drug,kidney_volume,0
21,drug,kidney_volume,0
22,drug,kidney_volume,0
21,control,T1_aorta_3,0.00067
3,control,T1_aorta_2,0.00084
3,control,TR,0.0023
8,control,TR,0.0023
11,control,TR,0.0023
14,control,TR,0.0023
21,control,TR,0.0023
22,control,TR,0.0023
3,drug,TR,0.0023
8,drug,TR,0.0023
11,drug,TR,0.0023
14,drug,TR,0.0023
21,drug,TR,0.0023
22,drug,TR,0.0023
14,drug,T1_aorta_2,0.00561
3,control,dose_1,0.025
3,control,dose_2,0.025
8,control,dose_1,0.025
8,control,dose_2,0.025
11,control,dose_1,0.025
11,control,dose_2,0.025
14,control,dose_1,0.025
14,control,dose_2,0.025
21,control,dose_1,0.025
21,control,dose_2,0.025
22,control,dose_1,0.025
22,control,dose_2,0.025
3,drug,dose_1,0.025
3,drug,dose_2,0.025
8,drug,dose_1,0.025
8,drug,dose_2,0.025
11,drug,dose_1,0.025
11,drug,dose_2,0.025
14,drug,dose_1,0.025
14,drug,dose_2,0.025
21,drug,dose_1,0.025
21,drug,dose_2,0.025
22,drug,dose_1,0.025
22,drug,dose_2,0.025
14,control,T1_aorta_3,0.06948
3,control,T1_aorta_3,0.15407
21,drug,T1_aorta_2,0.1652
3,control,T1_liver_2,0.35727
8,control,T1_aorta_2,0.35856
22,control,T1_liver_2,0.36546
3,drug,T1_aorta_2,0.3721
3,drug,T1_liver_2,0.39223
8,control,T1_liver_2,0.4218
11,drug,T1_liver_2,0.42422
22,drug,T1_liver_2,0.42739
8,drug,T1_liver_2,0.42768
21,drug,T1_liver_2,0.42941
3,control,T1_liver_3,0.4655
21,control,T1_liver_2,0.47129
11,drug,T1_liver_3,0.48958
11,control,T1_liver_2,0.49798
22,control,T1_liver_3,0.54746
14,drug,T1_liver_3,0.55505
14,control,T1_liver_2,0.55618
21,drug,T1_liver_3,0.56117
8,drug,T1_liver_3,0.56417
3,drug,T1_liver_3,0.58969
22,drug,T1_aorta_2,0.6091
21,control,T1_liver_3,0.63949
22,drug,T1_liver_3,0.64544
8,control,T1_liver_3,0.67413
14,control,T1_liver_3,0.69255
11,control,T1_liver_3,0.70743
14,drug,T1_liver_2,0.71767
14,drug,T1_liver_1,0.71842
11,drug,T1_liver_1,0.71848
3,control,T1_liver_1,0.72478
22,control,T1_aorta_3,0.7277
14,control,T1_liver_1,0.72913
8,drug,T1_liver_1,0.74224
22,control,T1_liver_1,0.75858
3,drug,T1_liver_1,0.75958
11,control,T1_liver_1,0.76065
21,drug,T1_liver_1,0.77904
22,drug,T1_liver_1,0.78157
8,control,T1_liver_1,0.78759
21,control,T1_liver_1,0.80253
14,control,T1_portal_2,0.84005
21,drug,T1_aorta_3,1.01616
8,control,T1_aorta_3,1.04088
22,control,T1_portal_3,1.15697
8,drug,T1_aorta_2,1.22711
3,control,T1_portal_2,1.23631
22,control,T1_portal_1,1.25954
3,control,T1_portal_3,1.29789
14,control,T1_portal_1,1.32491
22,drug,T1_portal_1,1.32891
8,control,T1_portal_2,1.3302
3,control,T1_portal_1,1.35629
8,drug,T1_aorta_3,1.43503
8,control,T1_portal_1,1.46375
8,control,T1_portal_3,1.46767
22,drug,T1_portal_2,1.50774
8,drug,T1_aorta_1,1.52765
3,control,T1_aorta_1,1.681
11,control,T1_aorta_1,1.681
11,control,T1_aorta_2,1.681
11,control,T1_aorta_3,1.681
14,control,T1_aorta_1,1.681
14,control,T1_aorta_2,1.681
21,control,T1_aorta_1,1.681
21,control,T1_aorta_2,1.681
22,control,T1_aorta_1,1.681
22,control,T1_aorta_2,1.681
3,drug,T1_aorta_1,1.681
3,drug,T1_aorta_3,1.681
11,drug,T1_aorta_1,1.681
11,drug,T1_aorta_2,1.681
11,drug,T1_aorta_3,1.681
14,drug,T1_aorta_1,1.681
14,drug,T1_aorta_3,1.681
21,drug,T1_aorta_1,1.681
22,drug,T1_aorta_1,1.681
22,drug,T1_aorta_3,1.681
8,control,T1_aorta_1,2.14357
3,control,FA_1,15
3,control,FA_2,15
8,control,FA_1,15
8,control,FA_2,15
11,control,FA_1,15
11,control,FA_2,15
14,control,FA_1,15
14,control,FA_2,15
21,control,FA_1,15
21,control,FA_2,15
22,control,FA_1,15
22,control,FA_2,15
3,drug,FA_1,15
3,drug,FA_2,15
8,drug,FA_1,15
8,drug,FA_2,15
11,drug,FA_1,15
11,drug,FA_2,15
14,drug,FA_1,15
14,drug,FA_2,15
21,drug,FA_1,15
21,drug,FA_2,15
22,drug,FA_1,15
22,drug,FA_2,15
8,control,kidney_volume,40.81621583
8,drug,kidney_volume,53.02293458
11,control,weight,56
11,drug,weight,56
11,control,kidney_volume,56.30349024
8,drug,weight,58
3,control,t0,60
8,control,weight,60
8,control,t0,60
11,control,t0,60
14,control,t0,60
21,control,t0,60
22,control,t0,60
3,drug,t0,60
8,drug,t0,60
11,drug,t0,60
14,drug,t0,60
21,drug,t0,60
22,drug,t0,60
3,drug,kidney_volume,60.72842579
21,control,weight,70
21,drug,weight,70
22,control,weight,72
22,drug,weight,72
11,drug,kidney_volume,74.07952443
3,control,kidney_volume,81.47984767
14,control,weight,84
14,drug,weight,84
3,control,weight,85
3,drug,weight,85
11,drug,liver_volume,777.1865245
8,drug,liver_volume,787.7911115
11,control,liver_volume,809.0765773
8,control,liver_volume,850.884589
3,drug,liver_volume,877.5867863
21,drug,liver_volume,902.2290998
3,control,liver_volume,964.1781974
21,control,liver_volume,984.3955754
14,control,liver_volume,1116.762182
22,control,liver_volume,1137.513604
22,drug,liver_volume,1171.845
14,drug,liver_volume,1175.354432
3,control,T1_time_1,32031
8,control,T1_time_1,32207
3,control,T1_time_2,35135
8,control,T1_time_2,35280
3,drug,T1_time_1,37882
22,drug,T1_time_1,38660
21,drug,T1_time_1,38974
3,control,T1_time_3,39215
21,control,T1_time_1,40701
3,drug,T1_time_2,40789
22,drug,T1_time_2,41555
21,drug,T1_time_2,42027
8,control,T1_time_3,43168
21,control,T1_time_2,43740
8,drug,T1_time_1,44744
14,control,T1_time_1,44772
3,drug,T1_time_3,44776
22,drug,T1_time_3,45925
21,drug,T1_time_3,46196
8,drug,T1_time_2,47574
14,control,T1_time_2,47825
21,control,T1_time_3,47957
22,control,T1_time_1,49494
14,drug,T1_time_1,50107
14,drug,T1_time_2,50107
14,control,T1_time_3,51670
8,drug,T1_time_3,51847
11,drug,T1_time_1,51922
11,control,T1_time_1,52069
22,control,T1_time_2,52680
11,drug,T1_time_2,54780
11,control,T1_time_2,55003
14,drug,T1_time_3,57464
22,control,T1_time_3,57649
11,drug,T1_time_3,58969
11,control,T1_time_3,59349
