parameter,description,unit,type
TR,Repetition time,sec,float
FA_1,Flip angle - first scan,deg,float
FA_2,Flip angle - second scan,deg,float
weight,Subject body weight,kg,float
dose_1,Contrast agent dose - first scan,mL/kg,float
dose_2,Contrast agent dose - second scan,mL/kg,float
liver_volume,Whole liver volume,mL,float
kidney_volume,Both kidneys volume,mL,float
T1_aorta_1,First aorta T1,sec,float
T1_aorta_2,Second aorta T1,sec,float
T1_aorta_3,Third aorta T1,sec,float
T1_liver_1,First liver T1,sec,float
T1_liver_2,Second liver T1,sec,float
T1_liver_3,Third liver T1,sec,float
T1_kidney_1,First kidney T1,sec,float
T1_kidney_2,Second kidney T1,sec,float
T1_kidney_3,Third kidney T1,sec,float
T1_portal_1,First portal T1,sec,float
T1_portal_2,Second portal T1,sec,float
T1_portal_3,Third portal T1,sec,float
T1_time_1,First T1 time,sec,float
T1_time_2,Second T1 time,sec,float
T1_time_3,Third T1 time,sec,float
t0,Baseline length,sec,float
time_1,Acquisition times of the first scan,sec,float
aorta_1,Aorta signal in the first scan,a.u.,float
aorta_1_accept,Acceptance of the aorta signal in the first scan,,bool
liver_1,Liver signal in the first scan,a.u.,float
liver_1_accept,Acceptance of the liver signal in the first scan,,bool
kidney_1,Kidney signal in the first scan,a.u.,float
kidney_1_accept,Acceptance of the kidney signal in the first scan,,bool
portal_1,Portal signal in the first scan,a.u.,float
portal_1_accept,Acceptance of the portal signal in the first scan,,bool
time_2,Acquisition times of the second scan,sec,float
aorta_2,Aorta signal in the second scan,a.u.,float
aorta_2_accept,Acceptance of the aorta signal in the second scan,,bool
liver_2,Liver signal in the second scan,a.u.,float
liver_2_accept,Acceptance of the liver signal in the second scan,,bool
kidney_2,Kidney signal in the second scan,a.u.,float
kidney_2_accept,Acceptance of the kidney signal in the second scan,,bool
portal_2,Portal signal in the second scan,a.u.,float
portal_2_accept,Acceptance of the portal signal in the second scan,,bool
