subject,study,parameter,value
7,control,kidney_volume,0
9,control,kidney_volume,0
14,control,kidney_volume,0
16,control,kidney_volume,0
21,control,kidney_volume,0
22,control,kidney_volume,0
21,control,T1_aorta_3,0.00067
3,control,T1_aorta_2,0.00084
6,control,T1_aorta_2,0.00212
2,control,TR,0.0023
3,control,TR,0.0023
4,control,TR,0.0023
5,control,TR,0.0023
6,control,TR,0.0023
7,control,TR,0.0023
8,control,TR,0.0023
9,control,TR,0.0023
10,control,TR,0.0023
11,control,TR,0.0023
14,control,TR,0.0023
16,control,TR,0.0023
17,control,TR,0.0023
21,control,TR,0.0023
22,control,TR,0.0023
16,control,T1_aorta_2,0.0034
2,control,dose_1,0.025
2,control,dose_2,0.025
3,control,dose_1,0.025
3,control,dose_2,0.025
4,control,dose_1,0.025
4,control,dose_2,0.025
5,control,dose_1,0.025
5,control,dose_2,0.025
6,control,dose_1,0.025
6,control,dose_2,0.025
7,control,dose_1,0.025
7,control,dose_2,0.025
8,control,dose_1,0.025
8,control,dose_2,0.025
9,control,dose_1,0.025
9,control,dose_2,0.025
10,control,dose_1,0.025
10,control,dose_2,0.025
11,control,dose_1,0.025
11,control,dose_2,0.025
14,control,dose_1,0.025
14,control,dose_2,0.025
16,control,dose_1,0.025
16,control,dose_2,0.025
17,control,dose_1,0.025
17,control,dose_2,0.025
21,control,dose_1,0.025
21,control,dose_2,0.025
22,control,dose_1,0.025
22,control,dose_2,0.025
14,control,T1_aorta_3,0.06948
6,control,T1_aorta_3,0.11362
4,control,T1_aorta_2,0.125
3,control,T1_aorta_3,0.15407
2,control,T1_liver_2,0.33114
3,control,T1_liver_2,0.35727
8,control,T1_aorta_2,0.35856
22,control,T1_liver_2,0.36546
17,control,T1_liver_2,0.37176
7,control,T1_liver_2,0.37404
10,control,T1_aorta_2,0.4
16,control,T1_liver_2,0.41641
10,control,T1_liver_2,0.41884
9,control,T1_liver_2,0.42171
8,control,T1_liver_2,0.4218
17,control,kidney_volume,0.457751953
3,control,T1_liver_3,0.4655
21,control,T1_liver_2,0.47129
5,control,T1_liver_2,0.49327
11,control,T1_liver_2,0.49798
4,control,T1_liver_2,0.51401
9,control,T1_liver_3,0.51971
22,control,T1_liver_3,0.54746
14,control,T1_liver_2,0.55618
7,control,T1_liver_3,0.56183
5,control,T1_liver_3,0.57409
16,control,T1_liver_3,0.58513
2,control,T1_liver_3,0.62402
21,control,T1_liver_3,0.63949
6,control,T1_liver_3,0.64305
17,control,T1_liver_1,0.64556
16,control,T1_liver_1,0.65575
10,control,T1_liver_3,0.65856
5,control,T1_aorta_2,0.67234
8,control,T1_liver_3,0.67413
6,control,T1_liver_1,0.68025
6,control,T1_liver_2,0.68286
14,control,T1_liver_3,0.69255
17,control,T1_liver_3,0.69299
4,control,T1_liver_3,0.69331
11,control,T1_liver_3,0.70743
3,control,T1_liver_1,0.72478
22,control,T1_aorta_3,0.7277
14,control,T1_liver_1,0.72913
2,control,T1_liver_1,0.73111
7,control,T1_liver_1,0.74539
22,control,T1_liver_1,0.75858
11,control,T1_liver_1,0.76065
9,control,T1_liver_1,0.76084
10,control,T1_liver_1,0.76626
5,control,T1_liver_1,0.78715
8,control,T1_liver_1,0.78759
4,control,T1_liver_1,0.79748
21,control,T1_liver_1,0.80253
14,control,T1_portal_2,0.84005
5,control,T1_aorta_3,0.92432
8,control,T1_aorta_3,1.04088
10,control,T1_portal_3,1.15024
22,control,T1_portal_3,1.15697
6,control,T1_portal_3,1.18008
7,control,T1_aorta_3,1.21048
3,control,T1_portal_2,1.23631
22,control,T1_portal_1,1.25954
2,control,T1_aorta_1,1.26167
3,control,T1_portal_3,1.29789
2,control,T1_aorta_3,1.30431
7,control,T1_aorta_1,1.32044
14,control,T1_portal_1,1.32491
8,control,T1_portal_2,1.3302
10,control,T1_portal_1,1.35054
3,control,T1_portal_1,1.35629
6,control,T1_portal_2,1.36563
6,control,T1_portal_1,1.36828
4,control,T1_portal_1,1.40638
2,control,T1_aorta_2,1.43052
5,control,T1_portal_2,1.44661
8,control,T1_portal_1,1.46375
8,control,T1_portal_3,1.46767
10,control,T1_portal_2,1.49527
17,control,T1_portal_1,1.50818
16,control,T1_aorta_1,1.65861
3,control,T1_aorta_1,1.681
4,control,T1_aorta_1,1.681
4,control,T1_aorta_3,1.681
5,control,T1_aorta_1,1.681
6,control,T1_aorta_1,1.681
7,control,T1_aorta_2,1.681
9,control,T1_aorta_1,1.681
9,control,T1_aorta_2,1.681
9,control,T1_aorta_3,1.681
10,control,T1_aorta_1,1.681
10,control,T1_aorta_3,1.681
11,control,T1_aorta_1,1.681
11,control,T1_aorta_2,1.681
11,control,T1_aorta_3,1.681
14,control,T1_aorta_1,1.681
14,control,T1_aorta_2,1.681
16,control,T1_aorta_3,1.681
17,control,T1_aorta_1,1.681
17,control,T1_aorta_2,1.681
21,control,T1_aorta_1,1.681
21,control,T1_aorta_2,1.681
22,control,T1_aorta_1,1.681
22,control,T1_aorta_2,1.681
17,control,T1_aorta_3,1.89578
8,control,T1_aorta_1,2.14357
2,control,FA_1,15
2,control,FA_2,15
3,control,FA_1,15
3,control,FA_2,15
4,control,FA_1,15
4,control,FA_2,15
5,control,FA_1,15
5,control,FA_2,15
6,control,FA_1,15
6,control,FA_2,15
7,control,FA_1,15
7,control,FA_2,15
8,control,FA_1,15
8,control,FA_2,15
9,control,FA_1,15
9,control,FA_2,15
10,control,FA_1,15
10,control,FA_2,15
11,control,FA_1,15
11,control,FA_2,15
14,control,FA_1,15
14,control,FA_2,15
16,control,FA_1,15
16,control,FA_2,15
17,control,FA_1,15
17,control,FA_2,15
21,control,FA_1,15
21,control,FA_2,15
22,control,FA_1,15
22,control,FA_2,15
2,control,kidney_volume,19.549823
8,control,kidney_volume,40.81621583
6,control,kidney_volume,53.70956251
11,control,weight,56
11,control,kidney_volume,56.30349024
5,control,weight,59
2,control,t0,60
3,control,t0,60
4,control,t0,60
5,control,t0,60
6,control,t0,60
7,control,t0,60
8,control,weight,60
8,control,t0,60
9,control,t0,60
10,control,t0,60
11,control,t0,60
14,control,t0,60
16,control,t0,60
17,control,t0,60
21,control,t0,60
22,control,t0,60
5,control,kidney_volume,64.23785743
2,control,weight,65
10,control,weight,65
6,control,weight,66
4,control,kidney_volume,69.95975685
16,control,weight,70
21,control,weight,70
7,control,weight,72
22,control,weight,72
4,control,weight,73
17,control,weight,75
3,control,kidney_volume,81.47984767
14,control,weight,84
3,control,weight,85
9,control,weight,85
10,control,kidney_volume,91.55039064
2,control,liver_volume,161.3575635
7,control,liver_volume,702.7255402
9,control,liver_volume,796.9461505
11,control,liver_volume,809.0765773
8,control,liver_volume,850.884589
4,control,liver_volume,872.3226388
5,control,liver_volume,901.7713478
16,control,liver_volume,939.8410519
10,control,liver_volume,945.1051994
3,control,liver_volume,964.1781974
21,control,liver_volume,984.3955754
17,control,liver_volume,996.2208341
6,control,liver_volume,1087.542349
14,control,liver_volume,1116.762182
22,control,liver_volume,1137.513604
3,control,T1_time_1,32031
6,control,T1_time_1,32102
6,control,T1_time_2,32102
8,control,T1_time_1,32207
9,control,T1_time_1,32765
3,control,T1_time_2,35135
8,control,T1_time_2,35280
9,control,T1_time_2,35761
10,control,T1_time_1,37136
4,control,T1_time_1,37927
3,control,T1_time_3,39215
10,control,T1_time_2,40059
2,control,T1_time_1,40127
21,control,T1_time_1,40701
4,control,T1_time_2,40955
9,control,T1_time_3,41148
6,control,T1_time_3,42202
16,control,T1_time_1,42598
8,control,T1_time_3,43168
2,control,T1_time_2,43289
21,control,T1_time_2,43740
14,control,T1_time_1,44772
10,control,T1_time_3,45506
16,control,T1_time_2,45624
17,control,T1_time_1,46267
4,control,T1_time_3,46606
14,control,T1_time_2,47825
21,control,T1_time_3,47957
17,control,T1_time_2,49185
2,control,T1_time_3,49231
22,control,T1_time_1,49494
7,control,T1_time_1,49727
16,control,T1_time_3,49761
5,control,T1_time_1,51296
14,control,T1_time_3,51670
11,control,T1_time_1,52069
7,control,T1_time_2,52661
22,control,T1_time_2,52680
5,control,T1_time_2,54238
11,control,T1_time_2,55003
7,control,T1_time_3,56997
22,control,T1_time_3,57649
5,control,T1_time_3,58197
17,control,T1_time_3,58507
11,control,T1_time_3,59349
