subject,study,parameter,value
9,control,kidney_volume,0
9,drug,kidney_volume,0
17,drug,kidney_volume,0
6,drug,T1_aorta_2,0.00055
17,drug,T1_aorta_2,0.00116
6,control,T1_aorta_2,0.00212
2,control,TR,0.0023
4,control,TR,0.0023
5,control,TR,0.0023
6,control,TR,0.0023
9,control,TR,0.0023
17,control,TR,0.0023
2,drug,TR,0.0023
4,drug,TR,0.0023
5,drug,TR,0.0023
6,drug,TR,0.0023
9,drug,TR,0.0023
17,drug,TR,0.0023
2,control,dose_1,0.025
2,control,dose_2,0.025
4,control,dose_1,0.025
4,control,dose_2,0.025
5,control,dose_1,0.025
5,control,dose_2,0.025
6,control,dose_1,0.025
6,control,dose_2,0.025
9,control,dose_1,0.025
9,control,dose_2,0.025
17,control,dose_1,0.025
17,control,dose_2,0.025
2,drug,dose_1,0.025
2,drug,dose_2,0.025
4,drug,dose_1,0.025
4,drug,dose_2,0.025
5,drug,dose_1,0.025
5,drug,dose_2,0.025
6,drug,dose_1,0.025
6,drug,dose_2,0.025
9,drug,dose_1,0.025
9,drug,dose_2,0.025
17,drug,dose_1,0.025
17,drug,dose_2,0.025
6,control,T1_aorta_3,0.11362
4,control,T1_aorta_2,0.125
9,drug,T1_aorta_2,0.18586
4,drug,T1_aorta_3,0.20502
2,control,T1_liver_2,0.33114
17,control,T1_liver_2,0.37176
9,control,T1_liver_2,0.42171
17,control,kidney_volume,0.457751953
6,drug,T1_aorta_3,0.48005
5,control,T1_liver_2,0.49327
4,control,T1_liver_2,0.51401
9,control,T1_liver_3,0.51971
17,drug,T1_liver_3,0.53179
17,drug,T1_liver_2,0.53874
6,drug,T1_liver_2,0.5706
9,drug,T1_liver_3,0.57185
5,control,T1_liver_3,0.57409
9,drug,T1_liver_2,0.58453
2,drug,T1_liver_2,0.59264
2,drug,T1_liver_3,0.59412
6,drug,T1_liver_3,0.62077
2,control,T1_liver_3,0.62402
6,control,T1_liver_3,0.64305
17,control,T1_liver_1,0.64556
5,control,T1_aorta_2,0.67234
6,control,T1_liver_1,0.68025
6,control,T1_liver_2,0.68286
17,control,T1_liver_3,0.69299
4,control,T1_liver_3,0.69331
4,drug,T1_liver_3,0.69465
17,drug,T1_liver_1,0.70301
5,drug,T1_liver_2,0.70946
6,drug,T1_liver_1,0.721
5,drug,T1_liver_3,0.72449
2,control,T1_liver_1,0.73111
9,drug,T1_liver_1,0.73764
9,control,T1_liver_1,0.76084
2,drug,T1_liver_1,0.77562
4,drug,T1_liver_2,0.78002
4,drug,T1_liver_1,0.78004
5,control,T1_liver_1,0.78715
5,drug,T1_liver_1,0.78973
4,control,T1_liver_1,0.79748
9,drug,T1_aorta_3,0.9236
5,control,T1_aorta_3,0.92432
9,drug,T1_portal_2,0.94819
2,drug,T1_aorta_1,1.15364
6,control,T1_portal_3,1.18008
2,control,T1_aorta_1,1.26167
9,drug,T1_portal_3,1.26391
9,drug,T1_portal_1,1.27615
2,control,T1_aorta_3,1.30431
5,drug,T1_aorta_3,1.31038
6,control,T1_portal_2,1.36563
6,control,T1_portal_1,1.36828
4,control,T1_portal_1,1.40638
2,control,T1_aorta_2,1.43052
5,control,T1_portal_2,1.44661
4,drug,T1_aorta_2,1.49161
4,drug,T1_aorta_1,1.4991
17,control,T1_portal_1,1.50818
2,drug,T1_aorta_3,1.64468
4,control,T1_aorta_1,1.681
4,control,T1_aorta_3,1.681
5,control,T1_aorta_1,1.681
6,control,T1_aorta_1,1.681
9,control,T1_aorta_1,1.681
9,control,T1_aorta_2,1.681
9,control,T1_aorta_3,1.681
17,control,T1_aorta_1,1.681
17,control,T1_aorta_2,1.681
2,drug,T1_aorta_2,1.681
5,drug,T1_aorta_2,1.681
6,drug,T1_aorta_1,1.681
9,drug,T1_aorta_1,1.681
17,drug,T1_aorta_1,1.681
17,drug,T1_aorta_3,1.681
17,control,T1_aorta_3,1.89578
5,drug,T1_aorta_1,2.08029
2,control,FA_1,15
2,control,FA_2,15
4,control,FA_1,15
4,control,FA_2,15
5,control,FA_1,15
5,control,FA_2,15
6,control,FA_1,15
6,control,FA_2,15
9,control,FA_1,15
9,control,FA_2,15
17,control,FA_1,15
17,control,FA_2,15
2,drug,FA_1,15
2,drug,FA_2,15
4,drug,FA_1,15
4,drug,FA_2,15
5,drug,FA_1,15
5,drug,FA_2,15
6,drug,FA_1,15
6,drug,FA_2,15
9,drug,FA_1,15
9,drug,FA_2,15
17,drug,FA_1,15
17,drug,FA_2,15
2,control,kidney_volume,19.549823
2,drug,kidney_volume,46.84328321
4,drug,kidney_volume,52.03113868
5,drug,kidney_volume,52.87035059
6,control,kidney_volume,53.70956251
5,control,weight,59
5,drug,weight,59
2,control,t0,60
4,control,t0,60
5,control,t0,60
6,control,t0,60
9,control,t0,60
17,control,t0,60
2,drug,t0,60
4,drug,t0,60
5,drug,t0,60
6,drug,t0,60
9,drug,t0,60
17,drug,t0,60
5,control,kidney_volume,64.23785743
2,control,weight,65
2,drug,weight,65
6,control,weight,66
6,drug,weight,66
4,control,kidney_volume,69.95975685
6,drug,kidney_volume,72.09593263
4,control,weight,73
4,drug,weight,73
17,control,weight,75
17,drug,weight,75
9,control,weight,85
9,drug,weight,85
2,control,liver_volume,161.3575635
2,drug,liver_volume,706.9215997
9,control,liver_volume,796.9461505
4,drug,liver_volume,822.1225079
9,drug,liver_volume,831.735299
4,control,liver_volume,872.3226388
5,control,liver_volume,901.7713478
5,drug,liver_volume,908.7139191
17,control,liver_volume,996.2208341
6,drug,liver_volume,1050.769609
6,control,liver_volume,1087.542349
17,drug,liver_volume,1088.763021
6,control,T1_time_1,32102
6,control,T1_time_2,32102
9,control,T1_time_1,32765
2,drug,T1_time_1,35409
9,control,T1_time_2,35761
9,drug,T1_time_1,35799
6,drug,T1_time_1,37685
4,control,T1_time_1,37927
2,drug,T1_time_2,38358
9,drug,T1_time_2,38730
2,control,T1_time_1,40127
4,drug,T1_time_1,40364
4,drug,T1_time_2,40364
17,drug,T1_time_1,40731
4,control,T1_time_2,40955
9,control,T1_time_3,41148
6,drug,T1_time_2,41603
6,control,T1_time_3,42202
2,control,T1_time_2,43289
17,drug,T1_time_2,43829
2,drug,T1_time_3,44680
9,drug,T1_time_3,44953
17,control,T1_time_1,46267
4,control,T1_time_3,46606
6,drug,T1_time_3,47214
5,drug,T1_time_1,47929
4,drug,T1_time_3,48829
17,drug,T1_time_3,48933
17,control,T1_time_2,49185
2,control,T1_time_3,49231
5,drug,T1_time_2,50765
5,control,T1_time_1,51296
5,control,T1_time_2,54238
5,drug,T1_time_3,55100
5,control,T1_time_3,58197
17,control,T1_time_3,58507
