subject,study,parameter,value
003,control,dose_2,0
001,control,TR,0.00371
002,control,TR,0.00371
003,control,TR,0.00371
004,control,TR,0.00371
005,control,TR,0.00371
006,control,TR,0.00371
007,control,TR,0.00371
008,control,TR,0.00371
009,control,TR,0.00371
010,control,TR,0.00371
002,drug,TR,0.00371
003,drug,TR,0.00371
004,drug,TR,0.00371
006,drug,TR,0.00371
007,drug,TR,0.00371
008,drug,TR,0.00371
009,drug,TR,0.00371
010,drug,TR,0.00371
002,control,dose_1,0.0125
002,control,dose_2,0.0125
003,control,dose_1,0.0125
002,drug,dose_1,0.0125
002,drug,dose_2,0.0125
003,drug,dose_1,0.0125
003,drug,dose_2,0.0125
004,control,dose_1,0.025
004,control,dose_2,0.025
005,control,dose_1,0.025
005,control,dose_2,0.025
006,control,dose_1,0.025
006,control,dose_2,0.025
007,control,dose_1,0.025
007,control,dose_2,0.025
008,control,dose_1,0.025
008,control,dose_2,0.025
009,control,dose_1,0.025
009,control,dose_2,0.025
010,control,dose_1,0.025
010,control,dose_2,0.025
004,drug,dose_1,0.025
004,drug,dose_2,0.025
006,drug,dose_1,0.025
006,drug,dose_2,0.025
007,drug,dose_1,0.025
007,drug,dose_2,0.025
008,drug,dose_1,0.025
008,drug,dose_2,0.025
009,drug,dose_1,0.025
009,drug,dose_2,0.025
010,drug,dose_1,0.025
010,drug,dose_2,0.025
001,control,dose_1,0.125
001,control,dose_2,0.125
001,control,T1_liver_2,0.164630005
001,control,T1_liver_3,0.269029999
005,control,T1_liver_2,0.450480011
008,control,T1_liver_2,0.46023999
006,control,T1_liver_2,0.498440002
004,control,T1_liver_2,0.502459991
003,control,T1_liver_2,0.529400024
007,control,T1_liver_2,0.537539978
003,drug,T1_aorta_2,0.557169983
010,control,T1_liver_2,0.561890015
008,control,T1_liver_3,0.574929993
002,control,T1_liver_2,0.582789978
007,control,T1_liver_3,0.601840027
008,drug,T1_liver_2,0.615119995
009,control,T1_liver_2,0.621599976
004,control,T1_liver_3,0.649890015
008,drug,T1_liver_3,0.656880005
003,control,T1_liver_3,0.659650024
005,control,T1_liver_3,0.66952002
006,control,T1_liver_3,0.684710022
003,drug,T1_liver_2,0.689530029
008,drug,T1_liver_1,0.70625
003,control,T1_liver_1,0.706900024
003,drug,T1_liver_3,0.709669983
004,drug,T1_liver_2,0.709969971
010,control,T1_liver_3,0.715039978
002,drug,T1_liver_2,0.718359985
003,drug,T1_liver_1,0.725539978
009,control,T1_liver_3,0.726429993
002,control,T1_liver_3,0.739849976
004,drug,T1_liver_3,0.742330017
008,control,T1_liver_1,0.74397998
002,drug,T1_liver_3,0.75377002
010,drug,T1_liver_2,0.754059998
006,drug,T1_liver_2,0.75448999
007,drug,T1_liver_2,0.754640015
002,control,T1_liver_1,0.756169983
001,control,T1_liver_1,0.762049988
010,drug,T1_liver_3,0.78526001
006,drug,T1_liver_3,0.790440002
007,drug,T1_liver_3,0.80072998
004,drug,T1_liver_1,0.802289978
004,control,T1_liver_1,0.802359985
005,control,T1_liver_1,0.8025
010,control,T1_liver_1,0.806320007
002,drug,T1_liver_1,0.81451001
009,drug,T1_liver_2,0.817150024
009,drug,T1_liver_3,0.829539978
010,drug,T1_liver_1,0.830440002
006,drug,T1_liver_1,0.83651001
006,control,T1_liver_1,0.83976001
007,drug,T1_liver_1,0.84047998
009,control,T1_liver_1,0.847049988
007,control,T1_liver_1,0.855419983
009,drug,T1_liver_1,0.881320007
001,control,T1_kidney_2,0.920289978
005,control,T1_aorta_3,0.965440002
001,control,T1_kidney_3,1.038109985
004,drug,T1_kidney_2,1.054
008,drug,T1_kidney_2,1.133209961
010,drug,T1_kidney_2,1.134680054
009,control,T1_kidney_2,1.161630005
007,drug,T1_kidney_2,1.164790039
010,control,T1_kidney_2,1.165829956
003,drug,T1_kidney_2,1.178040039
009,drug,T1_kidney_2,1.194530029
004,control,T1_kidney_2,1.194959961
005,control,T1_kidney_2,1.195689941
003,drug,T1_aorta_3,1.198579956
008,control,T1_kidney_2,1.21897998
009,control,T1_kidney_3,1.221959961
004,drug,T1_kidney_3,1.222599976
010,drug,T1_kidney_3,1.232400024
008,drug,T1_kidney_3,1.23352002
005,control,T1_aorta_2,1.240209961
007,control,T1_kidney_2,1.258060059
006,control,T1_kidney_2,1.264359985
002,drug,T1_kidney_2,1.277380005
005,control,T1_aorta_1,1.281560059
003,drug,T1_kidney_3,1.288540039
002,drug,T1_aorta_2,1.297819946
009,drug,T1_kidney_3,1.30002002
008,control,T1_kidney_3,1.300439941
004,control,T1_kidney_3,1.31152002
001,control,T1_portal_2,1.315119995
003,control,T1_kidney_2,1.319859985
006,drug,T1_kidney_2,1.32002002
007,control,T1_kidney_3,1.322040039
007,drug,T1_kidney_3,1.323640015
002,control,T1_kidney_3,1.32401001
002,control,T1_kidney_2,1.32977002
001,control,T1_aorta_2,1.33448999
010,control,T1_aorta_3,1.34277002
006,drug,T1_kidney_3,1.34302002
004,drug,T1_kidney_1,1.355180054
010,control,T1_kidney_3,1.356630005
006,control,T1_kidney_3,1.370829956
010,control,T1_kidney_1,1.370910034
001,control,T1_kidney_1,1.372089966
003,control,T1_kidney_1,1.39097998
009,control,T1_kidney_1,1.393949951
005,control,T1_kidney_3,1.396550049
004,control,T1_kidney_1,1.396839966
003,drug,T1_kidney_1,1.400939941
003,control,T1_kidney_3,1.402119995
004,drug,T1_portal_2,1.40926001
002,drug,T1_kidney_3,1.411
010,drug,T1_kidney_1,1.413699951
008,control,T1_kidney_1,1.419420044
008,drug,T1_portal_2,1.423109985
006,control,T1_kidney_1,1.424449951
001,control,T1_portal_3,1.426319946
007,control,T1_portal_2,1.431030029
010,control,T1_aorta_2,1.446150024
008,drug,T1_kidney_1,1.447089966
002,drug,T1_kidney_1,1.448599976
009,drug,T1_kidney_1,1.44973999
005,control,T1_kidney_1,1.451339966
002,control,T1_kidney_1,1.458180054
006,drug,T1_kidney_1,1.474819946
007,control,T1_kidney_1,1.487339966
008,drug,T1_aorta_2,1.488430054
007,drug,T1_kidney_1,1.509530029
004,drug,T1_aorta_3,1.515869995
009,control,T1_portal_2,1.519449951
006,drug,T1_portal_3,1.520369995
002,drug,T1_portal_1,1.520400024
006,drug,T1_portal_2,1.52926001
002,drug,T1_portal_2,1.539930054
008,drug,T1_portal_3,1.544910034
009,control,T1_aorta_3,1.548160034
007,drug,T1_aorta_2,1.558060059
002,drug,T1_aorta_1,1.560800049
004,control,T1_aorta_3,1.56498999
002,control,T1_portal_3,1.565469971
007,drug,T1_portal_2,1.566709961
010,drug,T1_portal_2,1.570109985
002,control,T1_portal_2,1.572030029
005,control,T1_portal_2,1.574459961
004,drug,T1_aorta_2,1.575709961
002,drug,T1_portal_3,1.578300049
004,control,T1_portal_2,1.583459961
002,drug,T1_aorta_3,1.58701001
007,drug,T1_aorta_3,1.587609985
010,control,T1_aorta_1,1.59027002
003,drug,T1_portal_2,1.593839966
004,drug,T1_portal_3,1.594829956
008,drug,T1_aorta_3,1.601670044
003,control,T1_aorta_2,1.602300049
001,control,T1_aorta_3,1.605119995
010,drug,T1_aorta_3,1.608290039
010,drug,T1_aorta_2,1.627920044
008,control,T1_aorta_2,1.63072998
008,control,T1_portal_2,1.63301001
002,control,T1_aorta_2,1.635400024
009,drug,T1_aorta_3,1.637819946
010,drug,T1_portal_1,1.64001001
008,control,T1_portal_3,1.648
003,drug,T1_portal_3,1.652670044
006,drug,T1_aorta_3,1.656099976
010,control,T1_portal_2,1.663300049
003,control,T1_portal_2,1.66425
003,control,T1_portal_1,1.668319946
003,control,T1_aorta_1,1.66832
004,control,T1_portal_3,1.675160034
010,control,T1_portal_3,1.67573999
004,control,T1_aorta_2,1.678319946
008,drug,T1_aorta_1,1.679140015
009,control,T1_aorta_2,1.681189941
008,control,T1_aorta_3,1.682119995
007,drug,T1_portal_3,1.683380005
003,control,T1_portal_3,1.691369995
001,control,T1_portal_1,1.691390015
002,control,T1_aorta_1,1.699910034
003,drug,T1_portal_1,1.701920044
008,drug,T1_portal_1,1.70247998
009,drug,T1_portal_2,1.703550049
007,drug,T1_aorta_1,1.703810059
001,control,T1_aorta_1,1.70822998
007,control,T1_aorta_2,1.710680054
003,drug,T1_aorta_1,1.71099
002,control,T1_aorta_3,1.713160034
006,drug,T1_aorta_2,1.720540039
010,drug,T1_aorta_1,1.723430054
003,control,T1_aorta_3,1.72548999
007,control,T1_portal_3,1.72727002
006,control,T1_portal_2,1.72952002
004,drug,T1_portal_1,1.733810059
006,control,T1_portal_3,1.73577002
009,drug,T1_aorta_2,1.739680054
005,control,T1_portal_3,1.746
010,control,T1_portal_1,1.750790039
006,control,T1_aorta_2,1.753660034
007,control,T1_aorta_3,1.756
008,control,T1_portal_1,1.762300049
006,control,T1_aorta_1,1.765040039
007,drug,T1_portal_1,1.771530029
004,control,T1_portal_1,1.77497998
007,control,T1_portal_1,1.778280029
007,control,T1_aorta_1,1.77997998
005,control,T1_portal_1,1.781319946
006,drug,T1_aorta_1,1.781569946
004,drug,T1_aorta_1,1.787920044
008,control,T1_aorta_1,1.788430054
006,control,T1_portal_1,1.792040039
009,control,T1_aorta_1,1.798810059
009,control,T1_portal_1,1.798880005
009,drug,T1_portal_3,1.80522998
006,drug,T1_portal_1,1.806709961
006,control,T1_aorta_3,1.81223999
004,control,T1_aorta_1,1.836619995
009,drug,T1_portal_1,1.868550049
009,drug,T1_aorta_1,1.918819946
009,drug,FA_1,12
009,drug,FA_2,12
009,control,FA_1,12.499999
009,control,FA_2,13.5
010,drug,FA_1,14.499999
008,drug,FA_1,14.5
005,control,FA_1,14.999999
008,control,FA_1,14.999999
008,control,FA_2,14.999999
008,drug,FA_2,14.999999
001,control,FA_1,15
001,control,FA_2,15
002,control,FA_1,15
002,control,FA_2,15
003,control,FA_1,15
003,control,FA_2,15
004,control,FA_1,15
004,control,FA_2,15
005,control,FA_2,15
006,control,FA_1,15
006,control,FA_2,15
007,control,FA_1,15
007,control,FA_2,15
010,control,FA_1,15
010,control,FA_2,15
002,drug,FA_1,15
002,drug,FA_2,15
003,drug,FA_1,15
003,drug,FA_2,15
004,drug,FA_1,15
004,drug,FA_2,15
006,drug,FA_1,15
006,drug,FA_2,15
007,drug,FA_1,15
007,drug,FA_2,15
010,drug,FA_2,15
003,drug,t0,20
006,drug,weight,56.35
006,control,weight,57.05
001,control,t0,60
002,control,t0,60
003,control,t0,60
004,control,t0,60
005,control,t0,60
006,control,t0,60
007,control,t0,60
008,control,t0,60
009,control,t0,60
010,control,t0,60
002,drug,t0,60
004,drug,t0,60
006,drug,t0,60
007,drug,t0,60
008,drug,t0,60
009,drug,t0,60
010,drug,t0,60
002,control,weight,63.25
002,drug,weight,64.45
007,control,weight,72
007,drug,weight,72.3
008,control,weight,74
010,control,weight,74
010,drug,weight,74
005,control,weight,74.45
008,drug,weight,74.7
001,control,weight,75
003,control,weight,76.3
003,drug,weight,77.25
004,control,weight,81.3
004,drug,weight,81.35
009,control,weight,82.8
009,drug,weight,85
005,control,kidney_volume,114.9169922
006,control,kidney_volume,146.4477539
006,drug,kidney_volume,151.6113281
007,control,kidney_volume,170.3979492
007,drug,kidney_volume,176.1108398
002,control,kidney_volume,176.2207031
004,control,kidney_volume,178.7475586
008,control,kidney_volume,182.9223633
003,drug,kidney_volume,187.5366211
002,drug,kidney_volume,187.6464844
008,drug,kidney_volume,188.5253906
001,control,kidney_volume,188.7451172
010,drug,kidney_volume,191.4916992
010,control,kidney_volume,194.5678711
004,drug,kidney_volume,197.644043
003,control,kidney_volume,205.7739258
009,drug,kidney_volume,216.7426348
009,control,kidney_volume,259.8741478
002,control,liver_volume,683.6791992
006,control,liver_volume,691.1499023
005,control,liver_volume,705.3222656
006,drug,liver_volume,705.7617188
002,drug,liver_volume,802.4414063
003,drug,liver_volume,861.7675781
003,control,liver_volume,874.0722656
008,drug,liver_volume,880.6640625
004,control,liver_volume,886.0473633
007,control,liver_volume,944.1650391
004,drug,liver_volume,983.2763672
008,control,liver_volume,1029.309082
010,control,liver_volume,1075.891113
001,control,liver_volume,1106.213379
010,drug,liver_volume,1109.069824
007,drug,liver_volume,1115.551758
009,control,liver_volume,1186.116609
009,drug,liver_volume,1199.815611
002,drug,T1_time_1,33800.03
001,control,T1_time_1,33976.309
004,control,T1_time_1,35396.105
004,drug,T1_time_1,35820.63
003,drug,T1_time_1,36122.05
001,control,T1_time_2,37480.32
002,drug,T1_time_2,37821.412
002,control,T1_time_1,38487.839
004,control,T1_time_2,38520.633
003,control,T1_time_1,38546.805
005,control,T1_time_1,39134.219
004,drug,T1_time_2,39542.226
003,drug,T1_time_2,39785.031
006,drug,T1_time_1,40022.25
001,control,T1_time_3,41717.212
002,control,T1_time_2,41814.856
003,control,T1_time_2,41959.721
005,control,T1_time_2,42474.079
006,drug,T1_time_2,43619.957
003,drug,T1_time_3,43812
002,drug,T1_time_3,44028.385
004,control,T1_time_3,44344.884
004,drug,T1_time_3,44999.096
006,control,T1_time_1,45706.427
003,control,T1_time_3,47724.231
005,control,T1_time_3,49023.399
006,control,T1_time_2,49399.743
006,drug,T1_time_3,49413.508
009,control,T1_time_1,49655.237
010,control,T1_time_1,49901.983
010,drug,T1_time_1,50057.229
009,drug,T1_time_1,50108.189
008,control,T1_time_1,50794.655
007,drug,T1_time_1,50966.509
007,control,T1_time_1,53225.859
010,control,T1_time_2,54075.883
010,drug,T1_time_2,54085.239
008,drug,T1_time_1,54203.529
009,drug,T1_time_2,54550.621
009,control,T1_time_2,54560.172
006,control,T1_time_3,54602.341
002,control,T1_time_3,54840.928
008,control,T1_time_2,55539.45
007,drug,T1_time_2,56353.678
010,drug,T1_time_3,57162.112
009,control,T1_time_3,57679.274
010,control,T1_time_3,58079.145
008,drug,T1_time_2,58217.241
007,control,T1_time_2,58511.83
008,control,T1_time_3,59098.597
009,drug,T1_time_3,59530.646
007,drug,T1_time_3,60013.114
007,control,T1_time_3,61038.221
008,drug,T1_time_3,61716.854
