subject,study,parameter,value
S01-01,Day_1,FA,20
S01-01,Day_1,TR,0.0058
S01-01,Day_1,n0,4
S01-01,Day_1,center,D
S01-01,Day_1,field_strength,4.7
S01-01,Day_1,BAT,292.0
S01-01,Day_1,duration,22
S01-01,Day_1,study,1
S01-01,Day_1,visit,1
S01-01,Day_2,FA,20
S01-01,Day_2,TR,0.0058
S01-01,Day_2,n0,4
S01-01,Day_2,center,D
S01-01,Day_2,field_strength,4.7
S01-01,Day_2,BAT,292.0
S01-01,Day_2,duration,22
S01-01,Day_2,study,1
S01-01,Day_2,visit,2
S01-02,Day_1,FA,20
S01-02,Day_1,TR,0.0058
S01-02,Day_1,n0,4
S01-02,Day_1,center,D
S01-02,Day_1,field_strength,4.7
S01-02,Day_1,BAT,292.0
S01-02,Day_1,duration,22
S01-02,Day_1,study,1
S01-02,Day_1,visit,1
S01-02,Day_2,FA,20
S01-02,Day_2,TR,0.0058
S01-02,Day_2,n0,4
S01-02,Day_2,center,D
S01-02,Day_2,field_strength,4.7
S01-02,Day_2,BAT,292.0
S01-02,Day_2,duration,22
S01-02,Day_2,study,1
S01-02,Day_2,visit,2
S01-03,Day_1,FA,20
S01-03,Day_1,TR,0.0058
S01-03,Day_1,n0,4
S01-03,Day_1,center,D
S01-03,Day_1,field_strength,4.7
S01-03,Day_1,BAT,292.0
S01-03,Day_1,duration,22
S01-03,Day_1,study,1
S01-03,Day_1,visit,1
S01-03,Day_2,FA,20
S01-03,Day_2,TR,0.0058
S01-03,Day_2,n0,4
S01-03,Day_2,center,D
S01-03,Day_2,field_strength,4.7
S01-03,Day_2,BAT,292.0
S01-03,Day_2,duration,22
S01-03,Day_2,study,1
S01-03,Day_2,visit,2
S01-04,Day_1,FA,20
S01-04,Day_1,TR,0.0058
S01-04,Day_1,n0,4
S01-04,Day_1,center,D
S01-04,Day_1,field_strength,4.7
S01-04,Day_1,BAT,292.0
S01-04,Day_1,duration,22
S01-04,Day_1,study,1
S01-04,Day_1,visit,1
S01-04,Day_2,FA,20
S01-04,Day_2,TR,0.0058
S01-04,Day_2,n0,4
S01-04,Day_2,center,D
S01-04,Day_2,field_strength,4.7
S01-04,Day_2,BAT,292.0
S01-04,Day_2,duration,22
S01-04,Day_2,study,1
S01-04,Day_2,visit,2
S01-05,Day_1,FA,20
S01-05,Day_1,TR,0.0058
S01-05,Day_1,n0,4
S01-05,Day_1,center,D
S01-05,Day_1,field_strength,4.7
S01-05,Day_1,BAT,292.0
S01-05,Day_1,duration,22
S01-05,Day_1,study,1
S01-05,Day_1,visit,1
S01-05,Day_2,FA,20
S01-05,Day_2,TR,0.0058
S01-05,Day_2,n0,4
S01-05,Day_2,center,D
S01-05,Day_2,field_strength,4.7
S01-05,Day_2,BAT,292.0
S01-05,Day_2,duration,22
S01-05,Day_2,study,1
S01-05,Day_2,visit,2
S01-06,Day_1,FA,20
S01-06,Day_1,TR,0.0058
S01-06,Day_1,n0,4
S01-06,Day_1,center,D
S01-06,Day_1,field_strength,4.7
S01-06,Day_1,BAT,292.0
S01-06,Day_1,duration,22
S01-06,Day_1,study,1
S01-06,Day_1,visit,1
S01-06,Day_2,FA,20
S01-06,Day_2,TR,0.0058
S01-06,Day_2,n0,4
S01-06,Day_2,center,D
S01-06,Day_2,field_strength,4.7
S01-06,Day_2,BAT,292.0
S01-06,Day_2,duration,22
S01-06,Day_2,study,1
S01-06,Day_2,visit,2
S02-01,Day_1,FA,20
S02-01,Day_1,TR,0.0058
S02-01,Day_1,n0,4
S02-01,Day_1,center,E
S02-01,Day_1,field_strength,7.0
S02-01,Day_1,BAT,285.0
S02-01,Day_1,duration,30
S02-01,Day_1,study,2
S02-01,Day_1,visit,1
S02-01,Day_2,FA,20
S02-01,Day_2,TR,0.0058
S02-01,Day_2,n0,4
S02-01,Day_2,center,E
S02-01,Day_2,field_strength,7.0
S02-01,Day_2,BAT,285.0
S02-01,Day_2,duration,30
S02-01,Day_2,study,2
S02-01,Day_2,visit,2
S02-02,Day_1,FA,20
S02-02,Day_1,TR,0.0058
S02-02,Day_1,n0,4
S02-02,Day_1,center,E
S02-02,Day_1,field_strength,7.0
S02-02,Day_1,BAT,285.0
S02-02,Day_1,duration,30
S02-02,Day_1,study,2
S02-02,Day_1,visit,1
S02-02,Day_2,FA,20
S02-02,Day_2,TR,0.0058
S02-02,Day_2,n0,4
S02-02,Day_2,center,E
S02-02,Day_2,field_strength,7.0
S02-02,Day_2,BAT,285.0
S02-02,Day_2,duration,30
S02-02,Day_2,study,2
S02-02,Day_2,visit,2
S02-03,Day_1,FA,20
S02-03,Day_1,TR,0.0058
S02-03,Day_1,n0,4
S02-03,Day_1,center,E
S02-03,Day_1,field_strength,7.0
S02-03,Day_1,BAT,285.0
S02-03,Day_1,duration,30
S02-03,Day_1,study,2
S02-03,Day_1,visit,1
S02-03,Day_2,FA,20
S02-03,Day_2,TR,0.0058
S02-03,Day_2,n0,4
S02-03,Day_2,center,E
S02-03,Day_2,field_strength,7.0
S02-03,Day_2,BAT,285.0
S02-03,Day_2,duration,30
S02-03,Day_2,study,2
S02-03,Day_2,visit,2
S02-04,Day_1,FA,20
S02-04,Day_1,TR,0.0058
S02-04,Day_1,n0,4
S02-04,Day_1,center,E
S02-04,Day_1,field_strength,7.0
S02-04,Day_1,BAT,285.0
S02-04,Day_1,duration,30
S02-04,Day_1,study,2
S02-04,Day_1,visit,1
S02-04,Day_2,FA,20
S02-04,Day_2,TR,0.0058
S02-04,Day_2,n0,4
S02-04,Day_2,center,E
S02-04,Day_2,field_strength,7.0
S02-04,Day_2,BAT,285.0
S02-04,Day_2,duration,30
S02-04,Day_2,study,2
S02-04,Day_2,visit,2
S02-05,Day_1,FA,20
S02-05,Day_1,TR,0.0058
S02-05,Day_1,n0,4
S02-05,Day_1,center,E
S02-05,Day_1,field_strength,7.0
S02-05,Day_1,BAT,285.0
S02-05,Day_1,duration,30
S02-05,Day_1,study,2
S02-05,Day_1,visit,1
S02-05,Day_2,FA,20
S02-05,Day_2,TR,0.0058
S02-05,Day_2,n0,4
S02-05,Day_2,center,E
S02-05,Day_2,field_strength,7.0
S02-05,Day_2,BAT,285.0
S02-05,Day_2,duration,30
S02-05,Day_2,study,2
S02-05,Day_2,visit,2
S02-06,Day_1,FA,20
S02-06,Day_1,TR,0.0058
S02-06,Day_1,n0,4
S02-06,Day_1,center,E
S02-06,Day_1,field_strength,7.0
S02-06,Day_1,BAT,285.0
S02-06,Day_1,duration,30
S02-06,Day_1,study,2
S02-06,Day_1,visit,1
S02-06,Day_2,FA,20
S02-06,Day_2,TR,0.0058
S02-06,Day_2,n0,4
S02-06,Day_2,center,E
S02-06,Day_2,field_strength,7.0
S02-06,Day_2,BAT,285.0
S02-06,Day_2,duration,30
S02-06,Day_2,study,2
S02-06,Day_2,visit,2
S03-01,Day_1,FA,20
S03-01,Day_1,TR,0.0058
S03-01,Day_1,n0,4
S03-01,Day_1,center,G
S03-01,Day_1,field_strength,7.0
S03-01,Day_1,BAT,285.0
S03-01,Day_1,duration,30
S03-01,Day_1,study,3
S03-01,Day_1,visit,1
S03-01,Day_2,FA,20
S03-01,Day_2,TR,0.0058
S03-01,Day_2,n0,4
S03-01,Day_2,center,G
S03-01,Day_2,field_strength,7.0
S03-01,Day_2,BAT,285.0
S03-01,Day_2,duration,30
S03-01,Day_2,study,3
S03-01,Day_2,visit,2
S03-02,Day_1,FA,20
S03-02,Day_1,TR,0.0058
S03-02,Day_1,n0,4
S03-02,Day_1,center,G
S03-02,Day_1,field_strength,7.0
S03-02,Day_1,BAT,285.0
S03-02,Day_1,duration,30
S03-02,Day_1,study,3
S03-02,Day_1,visit,1
S03-02,Day_2,FA,20
S03-02,Day_2,TR,0.0058
S03-02,Day_2,n0,4
S03-02,Day_2,center,G
S03-02,Day_2,field_strength,7.0
S03-02,Day_2,BAT,285.0
S03-02,Day_2,duration,30
S03-02,Day_2,study,3
S03-02,Day_2,visit,2
S03-03,Day_1,FA,20
S03-03,Day_1,TR,0.0058
S03-03,Day_1,n0,4
S03-03,Day_1,center,G
S03-03,Day_1,field_strength,7.0
S03-03,Day_1,BAT,285.0
S03-03,Day_1,duration,30
S03-03,Day_1,study,3
S03-03,Day_1,visit,1
S03-03,Day_2,FA,20
S03-03,Day_2,TR,0.0058
S03-03,Day_2,n0,4
S03-03,Day_2,center,G
S03-03,Day_2,field_strength,7.0
S03-03,Day_2,BAT,285.0
S03-03,Day_2,duration,30
S03-03,Day_2,study,3
S03-03,Day_2,visit,2
S03-04,Day_1,FA,20
S03-04,Day_1,TR,0.0058
S03-04,Day_1,n0,4
S03-04,Day_1,center,G
S03-04,Day_1,field_strength,7.0
S03-04,Day_1,BAT,285.0
S03-04,Day_1,duration,30
S03-04,Day_1,study,3
S03-04,Day_1,visit,1
S03-04,Day_2,FA,20
S03-04,Day_2,TR,0.0058
S03-04,Day_2,n0,4
S03-04,Day_2,center,G
S03-04,Day_2,field_strength,7.0
S03-04,Day_2,BAT,285.0
S03-04,Day_2,duration,30
S03-04,Day_2,study,3
S03-04,Day_2,visit,2
S03-05,Day_1,FA,20
S03-05,Day_1,TR,0.0058
S03-05,Day_1,n0,4
S03-05,Day_1,center,G
S03-05,Day_1,field_strength,7.0
S03-05,Day_1,BAT,285.0
S03-05,Day_1,duration,30
S03-05,Day_1,study,3
S03-05,Day_1,visit,1
S03-05,Day_2,FA,20
S03-05,Day_2,TR,0.0058
S03-05,Day_2,n0,4
S03-05,Day_2,center,G
S03-05,Day_2,field_strength,7.0
S03-05,Day_2,BAT,285.0
S03-05,Day_2,duration,30
S03-05,Day_2,study,3
S03-05,Day_2,visit,2
S03-06,Day_1,FA,20
S03-06,Day_1,TR,0.0058
S03-06,Day_1,n0,4
S03-06,Day_1,center,G
S03-06,Day_1,field_strength,7.0
S03-06,Day_1,BAT,285.0
S03-06,Day_1,duration,30
S03-06,Day_1,study,3
S03-06,Day_1,visit,1
S03-06,Day_2,FA,20
S03-06,Day_2,TR,0.0058
S03-06,Day_2,n0,4
S03-06,Day_2,center,G
S03-06,Day_2,field_strength,7.0
S03-06,Day_2,BAT,285.0
S03-06,Day_2,duration,30
S03-06,Day_2,study,3
S03-06,Day_2,visit,2
S04-01,Day_1,FA,20
S04-01,Day_1,TR,0.0058
S04-01,Day_1,n0,4
S04-01,Day_1,center,G
S04-01,Day_1,field_strength,4.7
S04-01,Day_1,BAT,285.0
S04-01,Day_1,duration,30
S04-01,Day_1,study,4
S04-01,Day_1,visit,1
S04-01,Day_2,FA,20
S04-01,Day_2,TR,0.0058
S04-01,Day_2,n0,4
S04-01,Day_2,center,G
S04-01,Day_2,field_strength,4.7
S04-01,Day_2,BAT,285.0
S04-01,Day_2,duration,30
S04-01,Day_2,study,4
S04-01,Day_2,visit,2
S04-02,Day_1,FA,20
S04-02,Day_1,TR,0.0058
S04-02,Day_1,n0,4
S04-02,Day_1,center,G
S04-02,Day_1,field_strength,4.7
S04-02,Day_1,BAT,285.0
S04-02,Day_1,duration,30
S04-02,Day_1,study,4
S04-02,Day_1,visit,1
S04-02,Day_2,FA,20
S04-02,Day_2,TR,0.0058
S04-02,Day_2,n0,4
S04-02,Day_2,center,G
S04-02,Day_2,field_strength,4.7
S04-02,Day_2,BAT,285.0
S04-02,Day_2,duration,30
S04-02,Day_2,study,4
S04-02,Day_2,visit,2
S04-03,Day_1,FA,20
S04-03,Day_1,TR,0.0058
S04-03,Day_1,n0,4
S04-03,Day_1,center,G
S04-03,Day_1,field_strength,4.7
S04-03,Day_1,BAT,285.0
S04-03,Day_1,duration,30
S04-03,Day_1,study,4
S04-03,Day_1,visit,1
S04-03,Day_2,FA,20
S04-03,Day_2,TR,0.0058
S04-03,Day_2,n0,4
S04-03,Day_2,center,G
S04-03,Day_2,field_strength,4.7
S04-03,Day_2,BAT,285.0
S04-03,Day_2,duration,30
S04-03,Day_2,study,4
S04-03,Day_2,visit,2
S04-04,Day_1,FA,20
S04-04,Day_1,TR,0.0058
S04-04,Day_1,n0,4
S04-04,Day_1,center,G
S04-04,Day_1,field_strength,4.7
S04-04,Day_1,BAT,285.0
S04-04,Day_1,duration,30
S04-04,Day_1,study,4
S04-04,Day_1,visit,1
S04-04,Day_2,FA,20
S04-04,Day_2,TR,0.0058
S04-04,Day_2,n0,4
S04-04,Day_2,center,G
S04-04,Day_2,field_strength,4.7
S04-04,Day_2,BAT,285.0
S04-04,Day_2,duration,30
S04-04,Day_2,study,4
S04-04,Day_2,visit,2
S04-05,Day_1,FA,20
S04-05,Day_1,TR,0.0058
S04-05,Day_1,n0,4
S04-05,Day_1,center,G
S04-05,Day_1,field_strength,4.7
S04-05,Day_1,BAT,285.0
S04-05,Day_1,duration,30
S04-05,Day_1,study,4
S04-05,Day_1,visit,1
S04-05,Day_2,FA,20
S04-05,Day_2,TR,0.0058
S04-05,Day_2,n0,4
S04-05,Day_2,center,G
S04-05,Day_2,field_strength,4.7
S04-05,Day_2,BAT,285.0
S04-05,Day_2,duration,30
S04-05,Day_2,study,4
S04-05,Day_2,visit,2
S04-06,Day_1,FA,20
S04-06,Day_1,TR,0.0058
S04-06,Day_1,n0,4
S04-06,Day_1,center,G
S04-06,Day_1,field_strength,4.7
S04-06,Day_1,BAT,285.0
S04-06,Day_1,duration,30
S04-06,Day_1,study,4
S04-06,Day_1,visit,1
S04-06,Day_2,FA,20
S04-06,Day_2,TR,0.0058
S04-06,Day_2,n0,4
S04-06,Day_2,center,G
S04-06,Day_2,field_strength,4.7
S04-06,Day_2,BAT,285.0
S04-06,Day_2,duration,30
S04-06,Day_2,study,4
S04-06,Day_2,visit,2
S04-07,Day_1,FA,20
S04-07,Day_1,TR,0.0058
S04-07,Day_1,n0,4
S04-07,Day_1,center,G
S04-07,Day_1,field_strength,4.7
S04-07,Day_1,BAT,285.0
S04-07,Day_1,duration,30
S04-07,Day_1,study,4
S04-07,Day_1,visit,1
S04-07,Day_2,FA,20
S04-07,Day_2,TR,0.0058
S04-07,Day_2,n0,4
S04-07,Day_2,center,G
S04-07,Day_2,field_strength,4.7
S04-07,Day_2,BAT,285.0
S04-07,Day_2,duration,30
S04-07,Day_2,study,4
S04-07,Day_2,visit,2
S04-08,Day_1,FA,20
S04-08,Day_1,TR,0.0058
S04-08,Day_1,n0,4
S04-08,Day_1,center,G
S04-08,Day_1,field_strength,4.7
S04-08,Day_1,BAT,285.0
S04-08,Day_1,duration,30
S04-08,Day_1,study,4
S04-08,Day_1,visit,1
S04-08,Day_2,FA,20
S04-08,Day_2,TR,0.0058
S04-08,Day_2,n0,4
S04-08,Day_2,center,G
S04-08,Day_2,field_strength,4.7
S04-08,Day_2,BAT,285.0
S04-08,Day_2,duration,30
S04-08,Day_2,study,4
S04-08,Day_2,visit,2
S05-01,Day_1,FA,20
S05-01,Day_1,TR,0.0058
S05-01,Day_1,n0,4
S05-01,Day_1,center,E
S05-01,Day_1,field_strength,7.0
S05-01,Day_1,BAT,285.0
S05-01,Day_1,duration,30
S05-01,Day_1,study,5
S05-01,Day_1,visit,1
S05-02,Day_1,FA,20
S05-02,Day_1,TR,0.0058
S05-02,Day_1,n0,4
S05-02,Day_1,center,E
S05-02,Day_1,field_strength,7.0
S05-02,Day_1,BAT,285.0
S05-02,Day_1,duration,30
S05-02,Day_1,study,5
S05-02,Day_1,visit,1
S05-03,Day_1,FA,20
S05-03,Day_1,TR,0.0058
S05-03,Day_1,n0,4
S05-03,Day_1,center,E
S05-03,Day_1,field_strength,7.0
S05-03,Day_1,BAT,285.0
S05-03,Day_1,duration,30
S05-03,Day_1,study,5
S05-03,Day_1,visit,1
S05-04,Day_1,FA,20
S05-04,Day_1,TR,0.0058
S05-04,Day_1,n0,4
S05-04,Day_1,center,E
S05-04,Day_1,field_strength,7.0
S05-04,Day_1,BAT,285.0
S05-04,Day_1,duration,30
S05-04,Day_1,study,5
S05-04,Day_1,visit,1
S05-05,Day_1,FA,20
S05-05,Day_1,TR,0.0058
S05-05,Day_1,n0,4
S05-05,Day_1,center,E
S05-05,Day_1,field_strength,7.0
S05-05,Day_1,BAT,285.0
S05-05,Day_1,duration,30
S05-05,Day_1,study,5
S05-05,Day_1,visit,1
S05-06,Day_1,FA,20
S05-06,Day_1,TR,0.0058
S05-06,Day_1,n0,4
S05-06,Day_1,center,E
S05-06,Day_1,field_strength,7.0
S05-06,Day_1,BAT,285.0
S05-06,Day_1,duration,30
S05-06,Day_1,study,5
S05-06,Day_1,visit,1
S06-01,Day_1,FA,20
S06-01,Day_1,TR,0.0058
S06-01,Day_1,n0,4
S06-01,Day_1,center,E
S06-01,Day_1,field_strength,7.0
S06-01,Day_1,BAT,285.0
S06-01,Day_1,duration,30
S06-01,Day_1,study,6
S06-01,Day_1,visit,1
S06-02,Day_1,FA,20
S06-02,Day_1,TR,0.0058
S06-02,Day_1,n0,4
S06-02,Day_1,center,E
S06-02,Day_1,field_strength,7.0
S06-02,Day_1,BAT,285.0
S06-02,Day_1,duration,30
S06-02,Day_1,study,6
S06-02,Day_1,visit,1
S06-03,Day_1,FA,20
S06-03,Day_1,TR,0.0058
S06-03,Day_1,n0,4
S06-03,Day_1,center,E
S06-03,Day_1,field_strength,7.0
S06-03,Day_1,BAT,285.0
S06-03,Day_1,duration,30
S06-03,Day_1,study,6
S06-03,Day_1,visit,1
S06-04,Day_1,FA,20
S06-04,Day_1,TR,0.0058
S06-04,Day_1,n0,4
S06-04,Day_1,center,E
S06-04,Day_1,field_strength,7.0
S06-04,Day_1,BAT,285.0
S06-04,Day_1,duration,30
S06-04,Day_1,study,6
S06-04,Day_1,visit,1
S06-05,Day_1,FA,20
S06-05,Day_1,TR,0.0058
S06-05,Day_1,n0,4
S06-05,Day_1,center,E
S06-05,Day_1,field_strength,7.0
S06-05,Day_1,BAT,285.0
S06-05,Day_1,duration,30
S06-05,Day_1,study,6
S06-05,Day_1,visit,1
S06-06,Day_1,FA,20
S06-06,Day_1,TR,0.0058
S06-06,Day_1,n0,4
S06-06,Day_1,center,E
S06-06,Day_1,field_strength,7.0
S06-06,Day_1,BAT,285.0
S06-06,Day_1,duration,30
S06-06,Day_1,study,6
S06-06,Day_1,visit,1
S07-01,Day_1,FA,20
S07-01,Day_1,TR,0.0058
S07-01,Day_1,n0,4
S07-01,Day_1,center,D
S07-01,Day_1,field_strength,4.7
S07-01,Day_1,BAT,292.0
S07-01,Day_1,duration,22
S07-01,Day_1,study,7
S07-01,Day_1,visit,1
S07-02,Day_1,FA,20
S07-02,Day_1,TR,0.0058
S07-02,Day_1,n0,4
S07-02,Day_1,center,D
S07-02,Day_1,field_strength,4.7
S07-02,Day_1,BAT,292.0
S07-02,Day_1,duration,22
S07-02,Day_1,study,7
S07-02,Day_1,visit,1
S07-03,Day_1,FA,20
S07-03,Day_1,TR,0.0058
S07-03,Day_1,n0,4
S07-03,Day_1,center,D
S07-03,Day_1,field_strength,4.7
S07-03,Day_1,BAT,292.0
S07-03,Day_1,duration,22
S07-03,Day_1,study,7
S07-03,Day_1,visit,1
S07-04,Day_1,FA,20
S07-04,Day_1,TR,0.0058
S07-04,Day_1,n0,4
S07-04,Day_1,center,D
S07-04,Day_1,field_strength,4.7
S07-04,Day_1,BAT,292.0
S07-04,Day_1,duration,22
S07-04,Day_1,study,7
S07-04,Day_1,visit,1
S07-05,Day_1,FA,20
S07-05,Day_1,TR,0.0058
S07-05,Day_1,n0,4
S07-05,Day_1,center,D
S07-05,Day_1,field_strength,4.7
S07-05,Day_1,BAT,292.0
S07-05,Day_1,duration,22
S07-05,Day_1,study,7
S07-05,Day_1,visit,1
S07-06,Day_1,FA,20
S07-06,Day_1,TR,0.0058
S07-06,Day_1,n0,4
S07-06,Day_1,center,D
S07-06,Day_1,field_strength,4.7
S07-06,Day_1,BAT,292.0
S07-06,Day_1,duration,22
S07-06,Day_1,study,7
S07-06,Day_1,visit,1
S08-01,Day_1,FA,20
S08-01,Day_1,TR,0.0058
S08-01,Day_1,n0,4
S08-01,Day_1,center,G
S08-01,Day_1,field_strength,4.7
S08-01,Day_1,BAT,285.0
S08-01,Day_1,duration,30
S08-01,Day_1,study,8
S08-01,Day_1,visit,1
S08-02,Day_1,FA,20
S08-02,Day_1,TR,0.0058
S08-02,Day_1,n0,4
S08-02,Day_1,center,G
S08-02,Day_1,field_strength,4.7
S08-02,Day_1,BAT,285.0
S08-02,Day_1,duration,30
S08-02,Day_1,study,8
S08-02,Day_1,visit,1
S08-03,Day_1,FA,20
S08-03,Day_1,TR,0.0058
S08-03,Day_1,n0,4
S08-03,Day_1,center,G
S08-03,Day_1,field_strength,4.7
S08-03,Day_1,BAT,285.0
S08-03,Day_1,duration,30
S08-03,Day_1,study,8
S08-03,Day_1,visit,1
S08-04,Day_1,FA,20
S08-04,Day_1,TR,0.0058
S08-04,Day_1,n0,4
S08-04,Day_1,center,G
S08-04,Day_1,field_strength,4.7
S08-04,Day_1,BAT,285.0
S08-04,Day_1,duration,30
S08-04,Day_1,study,8
S08-04,Day_1,visit,1
S08-05,Day_1,FA,20
S08-05,Day_1,TR,0.0058
S08-05,Day_1,n0,4
S08-05,Day_1,center,G
S08-05,Day_1,field_strength,4.7
S08-05,Day_1,BAT,285.0
S08-05,Day_1,duration,30
S08-05,Day_1,study,8
S08-05,Day_1,visit,1
S08-06,Day_1,FA,20
S08-06,Day_1,TR,0.0058
S08-06,Day_1,n0,4
S08-06,Day_1,center,G
S08-06,Day_1,field_strength,4.7
S08-06,Day_1,BAT,285.0
S08-06,Day_1,duration,30
S08-06,Day_1,study,8
S08-06,Day_1,visit,1
S09-01,Day_1,FA,20
S09-01,Day_1,TR,0.0058
S09-01,Day_1,n0,4
S09-01,Day_1,center,G
S09-01,Day_1,field_strength,7.0
S09-01,Day_1,BAT,285.0
S09-01,Day_1,duration,30
S09-01,Day_1,study,9
S09-01,Day_1,visit,1
S09-02,Day_1,FA,20
S09-02,Day_1,TR,0.0058
S09-02,Day_1,n0,4
S09-02,Day_1,center,G
S09-02,Day_1,field_strength,7.0
S09-02,Day_1,BAT,285.0
S09-02,Day_1,duration,30
S09-02,Day_1,study,9
S09-02,Day_1,visit,1
S09-03,Day_1,FA,20
S09-03,Day_1,TR,0.0058
S09-03,Day_1,n0,4
S09-03,Day_1,center,G
S09-03,Day_1,field_strength,7.0
S09-03,Day_1,BAT,285.0
S09-03,Day_1,duration,30
S09-03,Day_1,study,9
S09-03,Day_1,visit,1
S09-04,Day_1,FA,20
S09-04,Day_1,TR,0.0058
S09-04,Day_1,n0,4
S09-04,Day_1,center,G
S09-04,Day_1,field_strength,7.0
S09-04,Day_1,BAT,285.0
S09-04,Day_1,duration,30
S09-04,Day_1,study,9
S09-04,Day_1,visit,1
S10-01,Day_1,FA,20
S10-01,Day_1,TR,0.0058
S10-01,Day_1,n0,4
S10-01,Day_1,center,G
S10-01,Day_1,field_strength,7.0
S10-01,Day_1,BAT,285.0
S10-01,Day_1,duration,30
S10-01,Day_1,study,10
S10-01,Day_1,visit,1
S10-02,Day_1,FA,20
S10-02,Day_1,TR,0.0058
S10-02,Day_1,n0,4
S10-02,Day_1,center,G
S10-02,Day_1,field_strength,7.0
S10-02,Day_1,BAT,285.0
S10-02,Day_1,duration,30
S10-02,Day_1,study,10
S10-02,Day_1,visit,1
S10-03,Day_1,FA,20
S10-03,Day_1,TR,0.0058
S10-03,Day_1,n0,4
S10-03,Day_1,center,G
S10-03,Day_1,field_strength,7.0
S10-03,Day_1,BAT,285.0
S10-03,Day_1,duration,30
S10-03,Day_1,study,10
S10-03,Day_1,visit,1
S10-04,Day_1,FA,20
S10-04,Day_1,TR,0.0058
S10-04,Day_1,n0,4
S10-04,Day_1,center,G
S10-04,Day_1,field_strength,7.0
S10-04,Day_1,BAT,285.0
S10-04,Day_1,duration,30
S10-04,Day_1,study,10
S10-04,Day_1,visit,1
S10-05,Day_1,FA,20
S10-05,Day_1,TR,0.0058
S10-05,Day_1,n0,4
S10-05,Day_1,center,G
S10-05,Day_1,field_strength,7.0
S10-05,Day_1,BAT,285.0
S10-05,Day_1,duration,30
S10-05,Day_1,study,10
S10-05,Day_1,visit,1
S10-06,Day_1,FA,20
S10-06,Day_1,TR,0.0058
S10-06,Day_1,n0,4
S10-06,Day_1,center,G
S10-06,Day_1,field_strength,7.0
S10-06,Day_1,BAT,285.0
S10-06,Day_1,duration,30
S10-06,Day_1,study,10
S10-06,Day_1,visit,1
S11-01,Day_1,FA,20
S11-01,Day_1,TR,0.0058
S11-01,Day_1,n0,4
S11-01,Day_1,center,G
S11-01,Day_1,field_strength,7.0
S11-01,Day_1,BAT,285.0
S11-01,Day_1,duration,30
S11-01,Day_1,study,11
S11-01,Day_1,visit,1
S11-02,Day_1,FA,20
S11-02,Day_1,TR,0.0058
S11-02,Day_1,n0,4
S11-02,Day_1,center,G
S11-02,Day_1,field_strength,7.0
S11-02,Day_1,BAT,285.0
S11-02,Day_1,duration,30
S11-02,Day_1,study,11
S11-02,Day_1,visit,1
S11-03,Day_1,FA,20
S11-03,Day_1,TR,0.0058
S11-03,Day_1,n0,4
S11-03,Day_1,center,G
S11-03,Day_1,field_strength,7.0
S11-03,Day_1,BAT,285.0
S11-03,Day_1,duration,30
S11-03,Day_1,study,11
S11-03,Day_1,visit,1
S11-04,Day_1,FA,20
S11-04,Day_1,TR,0.0058
S11-04,Day_1,n0,4
S11-04,Day_1,center,G
S11-04,Day_1,field_strength,7.0
S11-04,Day_1,BAT,285.0
S11-04,Day_1,duration,30
S11-04,Day_1,study,11
S11-04,Day_1,visit,1
S11-05,Day_1,FA,20
S11-05,Day_1,TR,0.0058
S11-05,Day_1,n0,4
S11-05,Day_1,center,G
S11-05,Day_1,field_strength,7.0
S11-05,Day_1,BAT,285.0
S11-05,Day_1,duration,30
S11-05,Day_1,study,11
S11-05,Day_1,visit,1
S11-06,Day_1,FA,20
S11-06,Day_1,TR,0.0058
S11-06,Day_1,n0,4
S11-06,Day_1,center,G
S11-06,Day_1,field_strength,7.0
S11-06,Day_1,BAT,285.0
S11-06,Day_1,duration,30
S11-06,Day_1,study,11
S11-06,Day_1,visit,1
S12-01,Day_1,FA,20
S12-01,Day_1,TR,0.0058
S12-01,Day_1,n0,4
S12-01,Day_1,center,G
S12-01,Day_1,field_strength,4.7
S12-01,Day_1,BAT,285.0
S12-01,Day_1,duration,30
S12-01,Day_1,study,12
S12-01,Day_1,visit,1
S12-02,Day_1,FA,20
S12-02,Day_1,TR,0.0058
S12-02,Day_1,n0,4
S12-02,Day_1,center,G
S12-02,Day_1,field_strength,4.7
S12-02,Day_1,BAT,285.0
S12-02,Day_1,duration,30
S12-02,Day_1,study,12
S12-02,Day_1,visit,1
S12-03,Day_1,FA,20
S12-03,Day_1,TR,0.0058
S12-03,Day_1,n0,4
S12-03,Day_1,center,G
S12-03,Day_1,field_strength,4.7
S12-03,Day_1,BAT,285.0
S12-03,Day_1,duration,30
S12-03,Day_1,study,12
S12-03,Day_1,visit,1
S12-04,Day_1,FA,20
S12-04,Day_1,TR,0.0058
S12-04,Day_1,n0,4
S12-04,Day_1,center,G
S12-04,Day_1,field_strength,4.7
S12-04,Day_1,BAT,285.0
S12-04,Day_1,duration,30
S12-04,Day_1,study,12
S12-04,Day_1,visit,1
S13-01,Day_1,FA,20
S13-01,Day_1,TR,0.0058
S13-01,Day_1,n0,4
S13-01,Day_1,center,G
S13-01,Day_1,field_strength,4.7
S13-01,Day_1,BAT,285.0
S13-01,Day_1,duration,30
S13-01,Day_1,study,13
S13-01,Day_1,visit,1
S13-01,Day_2,FA,20
S13-01,Day_2,TR,0.0058
S13-01,Day_2,n0,4
S13-01,Day_2,center,G
S13-01,Day_2,field_strength,7.0
S13-01,Day_2,BAT,285.0
S13-01,Day_2,duration,30
S13-01,Day_2,study,13
S13-01,Day_2,visit,2
S13-02,Day_1,FA,20
S13-02,Day_1,TR,0.0058
S13-02,Day_1,n0,4
S13-02,Day_1,center,G
S13-02,Day_1,field_strength,4.7
S13-02,Day_1,BAT,285.0
S13-02,Day_1,duration,30
S13-02,Day_1,study,13
S13-02,Day_1,visit,1
S13-02,Day_2,FA,20
S13-02,Day_2,TR,0.0058
S13-02,Day_2,n0,4
S13-02,Day_2,center,G
S13-02,Day_2,field_strength,7.0
S13-02,Day_2,BAT,285.0
S13-02,Day_2,duration,30
S13-02,Day_2,study,13
S13-02,Day_2,visit,2
S13-03,Day_1,FA,20
S13-03,Day_1,TR,0.0058
S13-03,Day_1,n0,4
S13-03,Day_1,center,G
S13-03,Day_1,field_strength,4.7
S13-03,Day_1,BAT,285.0
S13-03,Day_1,duration,30
S13-03,Day_1,study,13
S13-03,Day_1,visit,1
S13-03,Day_2,FA,20
S13-03,Day_2,TR,0.0058
S13-03,Day_2,n0,4
S13-03,Day_2,center,G
S13-03,Day_2,field_strength,7.0
S13-03,Day_2,BAT,285.0
S13-03,Day_2,duration,30
S13-03,Day_2,study,13
S13-03,Day_2,visit,2
S13-04,Day_1,FA,20
S13-04,Day_1,TR,0.0058
S13-04,Day_1,n0,4
S13-04,Day_1,center,G
S13-04,Day_1,field_strength,7.0
S13-04,Day_1,BAT,285.0
S13-04,Day_1,duration,30
S13-04,Day_1,study,13
S13-04,Day_1,visit,1
S13-04,Day_2,FA,20
S13-04,Day_2,TR,0.0058
S13-04,Day_2,n0,4
S13-04,Day_2,center,G
S13-04,Day_2,field_strength,4.7
S13-04,Day_2,BAT,285.0
S13-04,Day_2,duration,30
S13-04,Day_2,study,13
S13-04,Day_2,visit,2
S13-05,Day_1,FA,20
S13-05,Day_1,TR,0.0058
S13-05,Day_1,n0,4
S13-05,Day_1,center,G
S13-05,Day_1,field_strength,7.0
S13-05,Day_1,BAT,285.0
S13-05,Day_1,duration,30
S13-05,Day_1,study,13
S13-05,Day_1,visit,1
S13-05,Day_2,FA,20
S13-05,Day_2,TR,0.0058
S13-05,Day_2,n0,4
S13-05,Day_2,center,G
S13-05,Day_2,field_strength,4.7
S13-05,Day_2,BAT,285.0
S13-05,Day_2,duration,30
S13-05,Day_2,study,13
S13-05,Day_2,visit,2
S13-06,Day_1,FA,20
S13-06,Day_1,TR,0.0058
S13-06,Day_1,n0,4
S13-06,Day_1,center,G
S13-06,Day_1,field_strength,7.0
S13-06,Day_1,BAT,285.0
S13-06,Day_1,duration,30
S13-06,Day_1,study,13
S13-06,Day_1,visit,1
S13-06,Day_2,FA,20
S13-06,Day_2,TR,0.0058
S13-06,Day_2,n0,4
S13-06,Day_2,center,G
S13-06,Day_2,field_strength,4.7
S13-06,Day_2,BAT,285.0
S13-06,Day_2,duration,30
S13-06,Day_2,study,13
S13-06,Day_2,visit,2
