subject,study,parameter,value
002,drug,kidney_volume,0
001,control,TR,0.00371
002,control,TR,0.00371
003,control,TR,0.00371
001,drug,TR,0.00371
002,drug,TR,0.00371
003,drug,TR,0.00371
001,control,dose_1,0.025
001,control,dose_2,0.025
002,control,dose_1,0.025
002,control,dose_2,0.025
003,control,dose_1,0.025
003,control,dose_2,0.025
001,drug,dose_1,0.025
001,drug,dose_2,0.025
002,drug,dose_1,0.025
002,drug,dose_2,0.025
003,drug,dose_1,0.025
003,drug,dose_2,0.025
002,control,T1_liver_3,0.648580017
002,control,T1_liver_2,0.655630005
002,drug,T1_liver_2,0.694609985
002,drug,T1_liver_3,0.722400024
001,drug,T1_liver_2,0.766559998
001,drug,T1_liver_3,0.843340027
002,drug,T1_liver_1,0.844919983
001,control,T1_liver_2,0.853159973
001,control,T1_liver_3,0.861320007
002,control,T1_liver_1,0.871559998
003,control,T1_liver_2,0.871650024
001,drug,T1_liver_1,0.903049988
003,control,T1_liver_3,0.91125
003,drug,T1_liver_3,0.91547998
003,drug,T1_liver_2,0.916929993
001,control,T1_liver_1,0.991830017
003,drug,T1_liver_1,1.000679993
001,drug,T1_kidney_2,1.028219971
002,control,T1_kidney_2,1.064380005
002,drug,T1_kidney_2,1.06572998
002,drug,T1_kidney_3,1.067290039
001,drug,T1_kidney_3,1.075089966
003,control,T1_liver_1,1.084219971
001,control,T1_kidney_2,1.102209961
002,control,T1_kidney_3,1.12302002
003,drug,T1_kidney_2,1.130319946
003,control,T1_kidney_2,1.14176001
003,drug,T1_kidney_3,1.146869995
002,drug,T1_kidney_1,1.19872998
003,control,T1_kidney_3,1.215300049
002,control,T1_kidney_1,1.30201001
003,drug,T1_kidney_1,1.321099976
001,control,T1_kidney_1,1.334540039
001,drug,T1_kidney_1,1.35097998
003,control,T1_kidney_1,1.374170044
001,drug,T1_aorta_2,1.520420044
001,control,T1_aorta_2,1.554689941
002,drug,T1_portal_2,1.588810059
003,control,T1_portal_2,1.600579956
002,control,T1_aorta_2,1.60548999
002,drug,T1_aorta_2,1.626170044
003,drug,T1_aorta_2,1.653380005
002,control,T1_portal_3,1.67225
003,control,T1_aorta_2,1.690560059
003,drug,T1_portal_2,1.714130005
002,control,T1_aorta_3,1.715939941
003,control,T1_portal_3,1.721140015
002,drug,T1_portal_3,1.724969971
002,drug,T1_aorta_3,1.732530029
001,drug,T1_aorta_3,1.74222998
003,drug,T1_portal_3,1.748939941
003,drug,T1_aorta_3,1.77573999
001,control,T1_aorta_3,1.779599976
003,control,T1_aorta_3,1.790670044
002,drug,T1_portal_1,1.83672998
002,drug,T1_aorta_1,1.878069946
002,control,T1_aorta_1,1.879900024
001,control,T1_aorta_1,1.885859985
002,control,T1_portal_1,1.900319946
003,drug,T1_aorta_1,1.930079956
003,control,T1_aorta_1,1.94023999
001,drug,T1_aorta_1,1.98352002
003,drug,T1_portal_1,2.182969971
001,control,FA_1,12
001,control,FA_2,12
002,control,FA_1,12
002,control,FA_2,12
003,control,FA_1,12
003,control,FA_2,12
001,drug,FA_1,12
001,drug,FA_2,12
002,drug,FA_1,12
002,drug,FA_2,12
003,drug,FA_1,12
003,drug,FA_2,12
001,control,t0,60
002,control,t0,60
003,control,t0,60
001,drug,t0,60
002,drug,t0,60
003,drug,t0,60
003,control,kidney_volume,69.41563598
003,control,weight,70
003,drug,weight,70
002,control,kidney_volume,74.58145081
002,control,weight,78
002,drug,weight,78
001,control,weight,90
001,drug,weight,94
001,control,kidney_volume,96.77848731
001,drug,kidney_volume,102.2669893
003,drug,kidney_volume,105.4956235
001,control,liver_volume,829.1954964
001,drug,liver_volume,874.2334338
003,control,liver_volume,995.710797
003,drug,liver_volume,1011.692537
002,control,liver_volume,1279.184884
002,drug,liver_volume,1413.415351
003,drug,T1_time_1,43633.21
003,control,T1_time_1,44504.6
001,drug,T1_time_1,44531.97
001,control,T1_time_1,44952.13
003,drug,T1_time_2,46125.07
003,control,T1_time_2,46982.47
001,drug,T1_time_2,47001.86
001,control,T1_time_2,47147.2
002,drug,T1_time_1,47681.11
002,control,T1_time_1,48375.18
002,drug,T1_time_2,50124.71
003,drug,T1_time_3,50403.84
002,control,T1_time_2,50593.86
003,control,T1_time_3,50638.2
001,drug,T1_time_3,50826.62
001,control,T1_time_3,51970.98
002,drug,T1_time_3,54066.6
002,control,T1_time_3,54850.83
