subject,study,parameter,value
S05-02,Day_1,FA,20
S05-02,Day_1,TR,0.0058
S05-02,Day_1,n0,4
S05-02,Day_1,center,E
S05-02,Day_1,field_strength,7.0
S05-02,Day_1,substance,Asunaprevir
S05-02,Day_1,BAT,285.0
S05-02,Day_1,duration,30
S05-02,Day_1,study,5
S05-02,Day_1,visit,1
S05-02,Day_2,FA,20
S05-02,Day_2,TR,0.0058
S05-02,Day_2,n0,4
S05-02,Day_2,center,E
S05-02,Day_2,field_strength,7.0
S05-02,Day_2,substance,Asunaprevir
S05-02,Day_2,BAT,285.0
S05-02,Day_2,duration,30
S05-02,Day_2,study,5
S05-02,Day_2,visit,2
S05-03,Day_1,FA,20
S05-03,Day_1,TR,0.0058
S05-03,Day_1,n0,4
S05-03,Day_1,center,E
S05-03,Day_1,field_strength,7.0
S05-03,Day_1,substance,Asunaprevir
S05-03,Day_1,BAT,285.0
S05-03,Day_1,duration,30
S05-03,Day_1,study,5
S05-03,Day_1,visit,1
S05-03,Day_2,FA,20
S05-03,Day_2,TR,0.0058
S05-03,Day_2,n0,4
S05-03,Day_2,center,E
S05-03,Day_2,field_strength,7.0
S05-03,Day_2,substance,Asunaprevir
S05-03,Day_2,BAT,285.0
S05-03,Day_2,duration,30
S05-03,Day_2,study,5
S05-03,Day_2,visit,2
S05-04,Day_1,FA,20
S05-04,Day_1,TR,0.0058
S05-04,Day_1,n0,4
S05-04,Day_1,center,E
S05-04,Day_1,field_strength,7.0
S05-04,Day_1,substance,Asunaprevir
S05-04,Day_1,BAT,285.0
S05-04,Day_1,duration,30
S05-04,Day_1,study,5
S05-04,Day_1,visit,1
S05-04,Day_2,FA,20
S05-04,Day_2,TR,0.0058
S05-04,Day_2,n0,4
S05-04,Day_2,center,E
S05-04,Day_2,field_strength,7.0
S05-04,Day_2,substance,Asunaprevir
S05-04,Day_2,BAT,285.0
S05-04,Day_2,duration,30
S05-04,Day_2,study,5
S05-04,Day_2,visit,2
S05-05,Day_1,FA,20
S05-05,Day_1,TR,0.0058
S05-05,Day_1,n0,4
S05-05,Day_1,center,E
S05-05,Day_1,field_strength,7.0
S05-05,Day_1,substance,Asunaprevir
S05-05,Day_1,BAT,285.0
S05-05,Day_1,duration,30
S05-05,Day_1,study,5
S05-05,Day_1,visit,1
S05-05,Day_2,FA,20
S05-05,Day_2,TR,0.0058
S05-05,Day_2,n0,4
S05-05,Day_2,center,E
S05-05,Day_2,field_strength,7.0
S05-05,Day_2,substance,Asunaprevir
S05-05,Day_2,BAT,285.0
S05-05,Day_2,duration,30
S05-05,Day_2,study,5
S05-05,Day_2,visit,2
S05-06,Day_1,FA,20
S05-06,Day_1,TR,0.0058
S05-06,Day_1,n0,4
S05-06,Day_1,center,E
S05-06,Day_1,field_strength,7.0
S05-06,Day_1,substance,Asunaprevir
S05-06,Day_1,BAT,285.0
S05-06,Day_1,duration,30
S05-06,Day_1,study,5
S05-06,Day_1,visit,1
S05-06,Day_2,FA,20
S05-06,Day_2,TR,0.0058
S05-06,Day_2,n0,4
S05-06,Day_2,center,E
S05-06,Day_2,field_strength,7.0
S05-06,Day_2,substance,Asunaprevir
S05-06,Day_2,BAT,285.0
S05-06,Day_2,duration,30
S05-06,Day_2,study,5
S05-06,Day_2,visit,2
S10-01,Day_1,FA,20
S10-01,Day_1,TR,0.0058
S10-01,Day_1,n0,4
S10-01,Day_1,center,G
S10-01,Day_1,field_strength,7.0
S10-01,Day_1,substance,Bosentan
S10-01,Day_1,BAT,285.0
S10-01,Day_1,duration,30
S10-01,Day_1,study,10
S10-01,Day_1,visit,1
S10-01,Day_2,FA,20
S10-01,Day_2,TR,0.0058
S10-01,Day_2,n0,4
S10-01,Day_2,center,G
S10-01,Day_2,field_strength,7.0
S10-01,Day_2,substance,Bosentan
S10-01,Day_2,BAT,285.0
S10-01,Day_2,duration,30
S10-01,Day_2,study,10
S10-01,Day_2,visit,2
S10-02,Day_1,FA,20
S10-02,Day_1,TR,0.0058
S10-02,Day_1,n0,4
S10-02,Day_1,center,G
S10-02,Day_1,field_strength,7.0
S10-02,Day_1,substance,Bosentan
S10-02,Day_1,BAT,285.0
S10-02,Day_1,duration,30
S10-02,Day_1,study,10
S10-02,Day_1,visit,1
S10-02,Day_2,FA,20
S10-02,Day_2,TR,0.0058
S10-02,Day_2,n0,4
S10-02,Day_2,center,G
S10-02,Day_2,field_strength,7.0
S10-02,Day_2,substance,Bosentan
S10-02,Day_2,BAT,285.0
S10-02,Day_2,duration,30
S10-02,Day_2,study,10
S10-02,Day_2,visit,2
S10-03,Day_1,FA,20
S10-03,Day_1,TR,0.0058
S10-03,Day_1,n0,4
S10-03,Day_1,center,G
S10-03,Day_1,field_strength,7.0
S10-03,Day_1,substance,Bosentan
S10-03,Day_1,BAT,285.0
S10-03,Day_1,duration,30
S10-03,Day_1,study,10
S10-03,Day_1,visit,1
S10-03,Day_2,FA,20
S10-03,Day_2,TR,0.0058
S10-03,Day_2,n0,4
S10-03,Day_2,center,G
S10-03,Day_2,field_strength,7.0
S10-03,Day_2,substance,Bosentan
S10-03,Day_2,BAT,285.0
S10-03,Day_2,duration,30
S10-03,Day_2,study,10
S10-03,Day_2,visit,2
S10-04,Day_1,FA,20
S10-04,Day_1,TR,0.0058
S10-04,Day_1,n0,4
S10-04,Day_1,center,G
S10-04,Day_1,field_strength,7.0
S10-04,Day_1,substance,Bosentan
S10-04,Day_1,BAT,285.0
S10-04,Day_1,duration,30
S10-04,Day_1,study,10
S10-04,Day_1,visit,1
S10-04,Day_2,FA,20
S10-04,Day_2,TR,0.0058
S10-04,Day_2,n0,4
S10-04,Day_2,center,G
S10-04,Day_2,field_strength,7.0
S10-04,Day_2,substance,Bosentan
S10-04,Day_2,BAT,285.0
S10-04,Day_2,duration,30
S10-04,Day_2,study,10
S10-04,Day_2,visit,2
S10-05,Day_1,FA,20
S10-05,Day_1,TR,0.0058
S10-05,Day_1,n0,4
S10-05,Day_1,center,G
S10-05,Day_1,field_strength,7.0
S10-05,Day_1,substance,Bosentan
S10-05,Day_1,BAT,285.0
S10-05,Day_1,duration,30
S10-05,Day_1,study,10
S10-05,Day_1,visit,1
S10-05,Day_2,FA,20
S10-05,Day_2,TR,0.0058
S10-05,Day_2,n0,4
S10-05,Day_2,center,G
S10-05,Day_2,field_strength,7.0
S10-05,Day_2,substance,Bosentan
S10-05,Day_2,BAT,285.0
S10-05,Day_2,duration,30
S10-05,Day_2,study,10
S10-05,Day_2,visit,2
S10-06,Day_1,FA,20
S10-06,Day_1,TR,0.0058
S10-06,Day_1,n0,4
S10-06,Day_1,center,G
S10-06,Day_1,field_strength,7.0
S10-06,Day_1,substance,Bosentan
S10-06,Day_1,BAT,285.0
S10-06,Day_1,duration,30
S10-06,Day_1,study,10
S10-06,Day_1,visit,1
S10-06,Day_2,FA,20
S10-06,Day_2,TR,0.0058
S10-06,Day_2,n0,4
S10-06,Day_2,center,G
S10-06,Day_2,field_strength,7.0
S10-06,Day_2,substance,Bosentan
S10-06,Day_2,BAT,285.0
S10-06,Day_2,duration,30
S10-06,Day_2,study,10
S10-06,Day_2,visit,2
S09-01,Day_1,FA,20
S09-01,Day_1,TR,0.0058
S09-01,Day_1,n0,4
S09-01,Day_1,center,G
S09-01,Day_1,field_strength,7.0
S09-01,Day_1,substance,saline/vehicle
S09-01,Day_1,BAT,285.0
S09-01,Day_1,duration,30
S09-01,Day_1,study,9
S09-01,Day_1,visit,1
S09-01,Day_2,FA,20
S09-01,Day_2,TR,0.0058
S09-01,Day_2,n0,4
S09-01,Day_2,center,G
S09-01,Day_2,field_strength,7.0
S09-01,Day_2,substance,saline/vehicle
S09-01,Day_2,BAT,285.0
S09-01,Day_2,duration,30
S09-01,Day_2,study,9
S09-01,Day_2,visit,2
S09-02,Day_1,FA,20
S09-02,Day_1,TR,0.0058
S09-02,Day_1,n0,4
S09-02,Day_1,center,G
S09-02,Day_1,field_strength,7.0
S09-02,Day_1,substance,saline/vehicle
S09-02,Day_1,BAT,285.0
S09-02,Day_1,duration,30
S09-02,Day_1,study,9
S09-02,Day_1,visit,1
S09-02,Day_2,FA,20
S09-02,Day_2,TR,0.0058
S09-02,Day_2,n0,4
S09-02,Day_2,center,G
S09-02,Day_2,field_strength,7.0
S09-02,Day_2,substance,saline/vehicle
S09-02,Day_2,BAT,285.0
S09-02,Day_2,duration,30
S09-02,Day_2,study,9
S09-02,Day_2,visit,2
S09-03,Day_1,FA,20
S09-03,Day_1,TR,0.0058
S09-03,Day_1,n0,4
S09-03,Day_1,center,G
S09-03,Day_1,field_strength,7.0
S09-03,Day_1,substance,saline/vehicle
S09-03,Day_1,BAT,285.0
S09-03,Day_1,duration,30
S09-03,Day_1,study,9
S09-03,Day_1,visit,1
S09-03,Day_2,FA,20
S09-03,Day_2,TR,0.0058
S09-03,Day_2,n0,4
S09-03,Day_2,center,G
S09-03,Day_2,field_strength,7.0
S09-03,Day_2,substance,saline/vehicle
S09-03,Day_2,BAT,285.0
S09-03,Day_2,duration,30
S09-03,Day_2,study,9
S09-03,Day_2,visit,2
S08-01,Day_1,FA,20
S08-01,Day_1,TR,0.0058
S08-01,Day_1,n0,4
S08-01,Day_1,center,G
S08-01,Day_1,field_strength,4.7
S08-01,Day_1,substance,Cyclosporine
S08-01,Day_1,BAT,285.0
S08-01,Day_1,duration,30
S08-01,Day_1,study,8
S08-01,Day_1,visit,1
S08-01,Day_2,FA,20
S08-01,Day_2,TR,0.0058
S08-01,Day_2,n0,4
S08-01,Day_2,center,G
S08-01,Day_2,field_strength,4.7
S08-01,Day_2,substance,Cyclosporine
S08-01,Day_2,BAT,285.0
S08-01,Day_2,duration,30
S08-01,Day_2,study,8
S08-01,Day_2,visit,2
S08-02,Day_1,FA,20
S08-02,Day_1,TR,0.0058
S08-02,Day_1,n0,4
S08-02,Day_1,center,G
S08-02,Day_1,field_strength,4.7
S08-02,Day_1,substance,Cyclosporine
S08-02,Day_1,BAT,285.0
S08-02,Day_1,duration,30
S08-02,Day_1,study,8
S08-02,Day_1,visit,1
S08-02,Day_2,FA,20
S08-02,Day_2,TR,0.0058
S08-02,Day_2,n0,4
S08-02,Day_2,center,G
S08-02,Day_2,field_strength,4.7
S08-02,Day_2,substance,Cyclosporine
S08-02,Day_2,BAT,285.0
S08-02,Day_2,duration,30
S08-02,Day_2,study,8
S08-02,Day_2,visit,2
S08-03,Day_1,FA,20
S08-03,Day_1,TR,0.0058
S08-03,Day_1,n0,4
S08-03,Day_1,center,G
S08-03,Day_1,field_strength,4.7
S08-03,Day_1,substance,Cyclosporine
S08-03,Day_1,BAT,285.0
S08-03,Day_1,duration,30
S08-03,Day_1,study,8
S08-03,Day_1,visit,1
S08-03,Day_2,FA,20
S08-03,Day_2,TR,0.0058
S08-03,Day_2,n0,4
S08-03,Day_2,center,G
S08-03,Day_2,field_strength,4.7
S08-03,Day_2,substance,Cyclosporine
S08-03,Day_2,BAT,285.0
S08-03,Day_2,duration,30
S08-03,Day_2,study,8
S08-03,Day_2,visit,2
S08-04,Day_1,FA,20
S08-04,Day_1,TR,0.0058
S08-04,Day_1,n0,4
S08-04,Day_1,center,G
S08-04,Day_1,field_strength,4.7
S08-04,Day_1,substance,Cyclosporine
S08-04,Day_1,BAT,285.0
S08-04,Day_1,duration,30
S08-04,Day_1,study,8
S08-04,Day_1,visit,1
S08-04,Day_2,FA,20
S08-04,Day_2,TR,0.0058
S08-04,Day_2,n0,4
S08-04,Day_2,center,G
S08-04,Day_2,field_strength,4.7
S08-04,Day_2,substance,Cyclosporine
S08-04,Day_2,BAT,285.0
S08-04,Day_2,duration,30
S08-04,Day_2,study,8
S08-04,Day_2,visit,2
S08-05,Day_1,FA,20
S08-05,Day_1,TR,0.0058
S08-05,Day_1,n0,4
S08-05,Day_1,center,G
S08-05,Day_1,field_strength,4.7
S08-05,Day_1,substance,Cyclosporine
S08-05,Day_1,BAT,285.0
S08-05,Day_1,duration,30
S08-05,Day_1,study,8
S08-05,Day_1,visit,1
S08-05,Day_2,FA,20
S08-05,Day_2,TR,0.0058
S08-05,Day_2,n0,4
S08-05,Day_2,center,G
S08-05,Day_2,field_strength,4.7
S08-05,Day_2,substance,Cyclosporine
S08-05,Day_2,BAT,285.0
S08-05,Day_2,duration,30
S08-05,Day_2,study,8
S08-05,Day_2,visit,2
S08-06,Day_1,FA,20
S08-06,Day_1,TR,0.0058
S08-06,Day_1,n0,4
S08-06,Day_1,center,G
S08-06,Day_1,field_strength,4.7
S08-06,Day_1,substance,Cyclosporine
S08-06,Day_1,BAT,285.0
S08-06,Day_1,duration,30
S08-06,Day_1,study,8
S08-06,Day_1,visit,1
S08-06,Day_2,FA,20
S08-06,Day_2,TR,0.0058
S08-06,Day_2,n0,4
S08-06,Day_2,center,G
S08-06,Day_2,field_strength,4.7
S08-06,Day_2,substance,Cyclosporine
S08-06,Day_2,BAT,285.0
S08-06,Day_2,duration,30
S08-06,Day_2,study,8
S08-06,Day_2,visit,2
S07-02,Day_1,FA,20
S07-02,Day_1,TR,0.0058
S07-02,Day_1,n0,4
S07-02,Day_1,center,D
S07-02,Day_1,field_strength,4.7
S07-02,Day_1,substance,Ketoconazole
S07-02,Day_1,BAT,292.0
S07-02,Day_1,duration,22
S07-02,Day_1,study,7
S07-02,Day_1,visit,1
S07-02,Day_2,FA,20
S07-02,Day_2,TR,0.0058
S07-02,Day_2,n0,4
S07-02,Day_2,center,D
S07-02,Day_2,field_strength,4.7
S07-02,Day_2,substance,Ketoconazole
S07-02,Day_2,BAT,292.0
S07-02,Day_2,duration,22
S07-02,Day_2,study,7
S07-02,Day_2,visit,2
S07-03,Day_1,FA,20
S07-03,Day_1,TR,0.0058
S07-03,Day_1,n0,4
S07-03,Day_1,center,D
S07-03,Day_1,field_strength,4.7
S07-03,Day_1,substance,Ketoconazole
S07-03,Day_1,BAT,292.0
S07-03,Day_1,duration,22
S07-03,Day_1,study,7
S07-03,Day_1,visit,1
S07-03,Day_2,FA,20
S07-03,Day_2,TR,0.0058
S07-03,Day_2,n0,4
S07-03,Day_2,center,D
S07-03,Day_2,field_strength,4.7
S07-03,Day_2,substance,Ketoconazole
S07-03,Day_2,BAT,292.0
S07-03,Day_2,duration,22
S07-03,Day_2,study,7
S07-03,Day_2,visit,2
S07-04,Day_1,FA,20
S07-04,Day_1,TR,0.0058
S07-04,Day_1,n0,4
S07-04,Day_1,center,D
S07-04,Day_1,field_strength,4.7
S07-04,Day_1,substance,Ketoconazole
S07-04,Day_1,BAT,292.0
S07-04,Day_1,duration,22
S07-04,Day_1,study,7
S07-04,Day_1,visit,1
S07-04,Day_2,FA,20
S07-04,Day_2,TR,0.0058
S07-04,Day_2,n0,4
S07-04,Day_2,center,D
S07-04,Day_2,field_strength,4.7
S07-04,Day_2,substance,Ketoconazole
S07-04,Day_2,BAT,292.0
S07-04,Day_2,duration,22
S07-04,Day_2,study,7
S07-04,Day_2,visit,2
S07-05,Day_1,FA,20
S07-05,Day_1,TR,0.0058
S07-05,Day_1,n0,4
S07-05,Day_1,center,D
S07-05,Day_1,field_strength,4.7
S07-05,Day_1,substance,Ketoconazole
S07-05,Day_1,BAT,292.0
S07-05,Day_1,duration,22
S07-05,Day_1,study,7
S07-05,Day_1,visit,1
S07-05,Day_2,FA,20
S07-05,Day_2,TR,0.0058
S07-05,Day_2,n0,4
S07-05,Day_2,center,D
S07-05,Day_2,field_strength,4.7
S07-05,Day_2,substance,Ketoconazole
S07-05,Day_2,BAT,292.0
S07-05,Day_2,duration,22
S07-05,Day_2,study,7
S07-05,Day_2,visit,2
S07-06,Day_1,FA,20
S07-06,Day_1,TR,0.0058
S07-06,Day_1,n0,4
S07-06,Day_1,center,D
S07-06,Day_1,field_strength,4.7
S07-06,Day_1,substance,Ketoconazole
S07-06,Day_1,BAT,292.0
S07-06,Day_1,duration,22
S07-06,Day_1,study,7
S07-06,Day_1,visit,1
S07-06,Day_2,FA,20
S07-06,Day_2,TR,0.0058
S07-06,Day_2,n0,4
S07-06,Day_2,center,D
S07-06,Day_2,field_strength,4.7
S07-06,Day_2,substance,Ketoconazole
S07-06,Day_2,BAT,292.0
S07-06,Day_2,duration,22
S07-06,Day_2,study,7
S07-06,Day_2,visit,2
S06-02,Day_1,FA,20
S06-02,Day_1,TR,0.0058
S06-02,Day_1,n0,4
S06-02,Day_1,center,E
S06-02,Day_1,field_strength,7.0
S06-02,Day_1,substance,Pioglitazone
S06-02,Day_1,BAT,285.0
S06-02,Day_1,duration,30
S06-02,Day_1,study,6
S06-02,Day_1,visit,1
S06-02,Day_2,FA,20
S06-02,Day_2,TR,0.0058
S06-02,Day_2,n0,4
S06-02,Day_2,center,E
S06-02,Day_2,field_strength,7.0
S06-02,Day_2,substance,Pioglitazone
S06-02,Day_2,BAT,285.0
S06-02,Day_2,duration,30
S06-02,Day_2,study,6
S06-02,Day_2,visit,2
S06-03,Day_1,FA,20
S06-03,Day_1,TR,0.0058
S06-03,Day_1,n0,4
S06-03,Day_1,center,E
S06-03,Day_1,field_strength,7.0
S06-03,Day_1,substance,Pioglitazone
S06-03,Day_1,BAT,285.0
S06-03,Day_1,duration,30
S06-03,Day_1,study,6
S06-03,Day_1,visit,1
S06-03,Day_2,FA,20
S06-03,Day_2,TR,0.0058
S06-03,Day_2,n0,4
S06-03,Day_2,center,E
S06-03,Day_2,field_strength,7.0
S06-03,Day_2,substance,Pioglitazone
S06-03,Day_2,BAT,285.0
S06-03,Day_2,duration,30
S06-03,Day_2,study,6
S06-03,Day_2,visit,2
S06-04,Day_1,FA,20
S06-04,Day_1,TR,0.0058
S06-04,Day_1,n0,4
S06-04,Day_1,center,E
S06-04,Day_1,field_strength,7.0
S06-04,Day_1,substance,Pioglitazone
S06-04,Day_1,BAT,285.0
S06-04,Day_1,duration,30
S06-04,Day_1,study,6
S06-04,Day_1,visit,1
S06-04,Day_2,FA,20
S06-04,Day_2,TR,0.0058
S06-04,Day_2,n0,4
S06-04,Day_2,center,E
S06-04,Day_2,field_strength,7.0
S06-04,Day_2,substance,Pioglitazone
S06-04,Day_2,BAT,285.0
S06-04,Day_2,duration,30
S06-04,Day_2,study,6
S06-04,Day_2,visit,2
S06-05,Day_1,FA,20
S06-05,Day_1,TR,0.0058
S06-05,Day_1,n0,4
S06-05,Day_1,center,E
S06-05,Day_1,field_strength,7.0
S06-05,Day_1,substance,Pioglitazone
S06-05,Day_1,BAT,285.0
S06-05,Day_1,duration,30
S06-05,Day_1,study,6
S06-05,Day_1,visit,1
S06-05,Day_2,FA,20
S06-05,Day_2,TR,0.0058
S06-05,Day_2,n0,4
S06-05,Day_2,center,E
S06-05,Day_2,field_strength,7.0
S06-05,Day_2,substance,Pioglitazone
S06-05,Day_2,BAT,285.0
S06-05,Day_2,duration,30
S06-05,Day_2,study,6
S06-05,Day_2,visit,2
S06-06,Day_1,FA,20
S06-06,Day_1,TR,0.0058
S06-06,Day_1,n0,4
S06-06,Day_1,center,E
S06-06,Day_1,field_strength,7.0
S06-06,Day_1,substance,Pioglitazone
S06-06,Day_1,BAT,285.0
S06-06,Day_1,duration,30
S06-06,Day_1,study,6
S06-06,Day_1,visit,1
S06-06,Day_2,FA,20
S06-06,Day_2,TR,0.0058
S06-06,Day_2,n0,4
S06-06,Day_2,center,E
S06-06,Day_2,field_strength,7.0
S06-06,Day_2,substance,Pioglitazone
S06-06,Day_2,BAT,285.0
S06-06,Day_2,duration,30
S06-06,Day_2,study,6
S06-06,Day_2,visit,2
S12-01,Day_1,FA,20
S12-01,Day_1,TR,0.0058
S12-01,Day_1,n0,4
S12-01,Day_1,center,G
S12-01,Day_1,field_strength,4.7
S12-01,Day_1,substance,Rifampicin
S12-01,Day_1,BAT,285.0
S12-01,Day_1,duration,30
S12-01,Day_1,study,12
S12-01,Day_1,visit,1
S12-01,Day_2,FA,20
S12-01,Day_2,TR,0.0058
S12-01,Day_2,n0,4
S12-01,Day_2,center,G
S12-01,Day_2,field_strength,4.7
S12-01,Day_2,substance,Rifampicin
S12-01,Day_2,BAT,285.0
S12-01,Day_2,duration,30
S12-01,Day_2,study,12
S12-01,Day_2,visit,2
S12-02,Day_1,FA,20
S12-02,Day_1,TR,0.0058
S12-02,Day_1,n0,4
S12-02,Day_1,center,G
S12-02,Day_1,field_strength,4.7
S12-02,Day_1,substance,Rifampicin
S12-02,Day_1,BAT,285.0
S12-02,Day_1,duration,30
S12-02,Day_1,study,12
S12-02,Day_1,visit,1
S12-02,Day_2,FA,20
S12-02,Day_2,TR,0.0058
S12-02,Day_2,n0,4
S12-02,Day_2,center,G
S12-02,Day_2,field_strength,4.7
S12-02,Day_2,substance,Rifampicin
S12-02,Day_2,BAT,285.0
S12-02,Day_2,duration,30
S12-02,Day_2,study,12
S12-02,Day_2,visit,2
S12-03,Day_1,FA,20
S12-03,Day_1,TR,0.0058
S12-03,Day_1,n0,4
S12-03,Day_1,center,G
S12-03,Day_1,field_strength,4.7
S12-03,Day_1,substance,Rifampicin
S12-03,Day_1,BAT,285.0
S12-03,Day_1,duration,30
S12-03,Day_1,study,12
S12-03,Day_1,visit,1
S12-03,Day_2,FA,20
S12-03,Day_2,TR,0.0058
S12-03,Day_2,n0,4
S12-03,Day_2,center,G
S12-03,Day_2,field_strength,4.7
S12-03,Day_2,substance,Rifampicin
S12-03,Day_2,BAT,285.0
S12-03,Day_2,duration,30
S12-03,Day_2,study,12
S12-03,Day_2,visit,2
S12-04,Day_1,FA,20
S12-04,Day_1,TR,0.0058
S12-04,Day_1,n0,4
S12-04,Day_1,center,G
S12-04,Day_1,field_strength,4.7
S12-04,Day_1,substance,Rifampicin
S12-04,Day_1,BAT,285.0
S12-04,Day_1,duration,30
S12-04,Day_1,study,12
S12-04,Day_1,visit,1
S12-04,Day_2,FA,20
S12-04,Day_2,TR,0.0058
S12-04,Day_2,n0,4
S12-04,Day_2,center,G
S12-04,Day_2,field_strength,4.7
S12-04,Day_2,substance,Rifampicin
S12-04,Day_2,BAT,285.0
S12-04,Day_2,duration,30
S12-04,Day_2,study,12
S12-04,Day_2,visit,2
