S05-02,S05-02,S05-02,S05-02,S05-02,S05-02,S05-03,S05-03,S05-03,S05-03,S05-03,S05-03,S05-04,S05-04,S05-04,S05-04,S05-04,S05-04,S05-05,S05-05,S05-05,S05-05,S05-05,S05-05,S05-06,S05-06,S05-06,S05-06,S05-06,S05-06,S10-01,S10-01,S10-01,S10-01,S10-01,S10-01,S10-02,S10-02,S10-02,S10-02,S10-02,S10-02,S10-03,S10-03,S10-03,S10-03,S10-03,S10-03,S10-04,S10-04,S10-04,S10-04,S10-04,S10-04,S10-05,S10-05,S10-05,S10-05,S10-05,S10-05,S10-06,S10-06,S10-06,S10-06,S10-06,S10-06,S09-01,S09-01,S09-01,S09-01,S09-01,S09-01,S09-02,S09-02,S09-02,S09-02,S09-02,S09-02,S09-03,S09-03,S09-03,S09-03,S09-03,S09-03,S08-01,S08-01,S08-01,S08-01,S08-01,S08-01,S08-02,S08-02,S08-02,S08-02,S08-02,S08-02,S08-03,S08-03,S08-03,S08-03,S08-03,S08-03,S08-04,S08-04,S08-04,S08-04,S08-04,S08-04,S08-05,S08-05,S08-05,S08-05,S08-05,S08-05,S08-06,S08-06,S08-06,S08-06,S08-06,S08-06,S07-02,S07-02,S07-02,S07-02,S07-02,S07-02,S07-03,S07-03,S07-03,S07-03,S07-03,S07-03,S07-04,S07-04,S07-04,S07-04,S07-04,S07-04,S07-05,S07-05,S07-05,S07-05,S07-05,S07-05,S07-06,S07-06,S07-06,S07-06,S07-06,S07-06,S06-02,S06-02,S06-02,S06-02,S06-02,S06-02,S06-03,S06-03,S06-03,S06-03,S06-03,S06-03,S06-04,S06-04,S06-04,S06-04,S06-04,S06-04,S06-05,S06-05,S06-05,S06-05,S06-05,S06-05,S06-06,S06-06,S06-06,S06-06,S06-06,S06-06,S12-01,S12-01,S12-01,S12-01,S12-01,S12-01,S12-02,S12-02,S12-02,S12-02,S12-02,S12-02,S12-03,S12-03,S12-03,S12-03,S12-03,S12-03,S12-04,S12-04,S12-04,S12-04,S12-04,S12-04
Day_1,Day_1,Day_1,Day_2,Day_2,Day_2,Day_1,Day_1,Day_1,Day_2,Day_2,Day_2,Day_1,Day_1,Day_1,Day_2,Day_2,Day_2,Day_1,Day_1,Day_1,Day_2,Day_2,Day_2,Day_1,Day_1,Day_1,Day_2,Day_2,Day_2,Day_1,Day_1,Day_1,Day_2,Day_2,Day_2,Day_1,Day_1,Day_1,Day_2,Day_2,Day_2,Day_1,Day_1,Day_1,Day_2,Day_2,Day_2,Day_1,Day_1,Day_1,Day_2,Day_2,Day_2,Day_1,Day_1,Day_1,Day_2,Day_2,Day_2,Day_1,Day_1,Day_1,Day_2,Day_2,Day_2,Day_1,Day_1,Day_1,Day_2,Day_2,Day_2,Day_1,Day_1,Day_1,Day_2,Day_2,Day_2,Day_1,Day_1,Day_1,Day_2,Day_2,Day_2,Day_1,Day_1,Day_1,Day_2,Day_2,Day_2,Day_1,Day_1,Day_1,Day_2,Day_2,Day_2,Day_1,Day_1,Day_1,Day_2,Day_2,Day_2,Day_1,Day_1,Day_1,Day_2,Day_2,Day_2,Day_1,Day_1,Day_1,Day_2,Day_2,Day_2,Day_1,Day_1,Day_1,Day_2,Day_2,Day_2,Day_1,Day_1,Day_1,Day_2,Day_2,Day_2,Day_1,Day_1,Day_1,Day_2,Day_2,Day_2,Day_1,Day_1,Day_1,Day_2,Day_2,Day_2,Day_1,Day_1,Day_1,Day_2,Day_2,Day_2,Day_1,Day_1,Day_1,Day_2,Day_2,Day_2,Day_1,Day_1,Day_1,Day_2,Day_2,Day_2,Day_1,Day_1,Day_1,Day_2,Day_2,Day_2,Day_1,Day_1,Day_1,Day_2,Day_2,Day_2,Day_1,Day_1,Day_1,Day_2,Day_2,Day_2,Day_1,Day_1,Day_1,Day_2,Day_2,Day_2,Day_1,Day_1,Day_1,Day_2,Day_2,Day_2,Day_1,Day_1,Day_1,Day_2,Day_2,Day_2,Day_1,Day_1,Day_1,Day_2,Day_2,Day_2,Day_1,Day_1,Day_1,Day_2,Day_2,Day_2
time,spleen,liver,time,spleen,liver,time,spleen,liver,time,spleen,liver,time,spleen,liver,time,spleen,liver,time,spleen,liver,time,spleen,liver,time,spleen,liver,time,spleen,liver,time,spleen,liver,time,spleen,liver,time,spleen,liver,time,spleen,liver,time,spleen,liver,time,spleen,liver,time,spleen,liver,time,spleen,liver,time,spleen,liver,time,spleen,liver,time,spleen,liver,time,spleen,liver,time,spleen,liver,time,spleen,liver,time,spleen,liver,time,spleen,liver,time,spleen,liver,time,spleen,liver,time,spleen,liver,time,spleen,liver,time,spleen,liver,time,spleen,liver,time,spleen,liver,time,spleen,liver,time,spleen,liver,time,spleen,liver,time,spleen,liver,time,spleen,liver,time,spleen,liver,time,spleen,liver,time,spleen,liver,time,spleen,liver,time,spleen,liver,time,spleen,liver,time,spleen,liver,time,spleen,liver,time,spleen,liver,time,spleen,liver,time,spleen,liver,time,spleen,liver,time,spleen,liver,time,spleen,liver,time,spleen,liver,time,spleen,liver,time,spleen,liver,time,spleen,liver,time,spleen,liver,time,spleen,liver,time,spleen,liver,time,spleen,liver,time,spleen,liver,time,spleen,liver,time,spleen,liver,time,spleen,liver,time,spleen,liver,time,spleen,liver,time,spleen,liver,time,spleen,liver
0,2.28402,3.16909,0,2.15119,2.53345,0,2.68771,2.65726,0,3.08444,3.46328,0,1.93462,2.203,0,2.30436,2.64154,0,2.4554,2.64178,0,2.44492,2.71389,0,2.29436,2.78819,0,2.53392,2.86152,0,3.56495,4.49826,0,3.8765,5.40735,0,3.07565,4.35929,0,3.25669,4.44692,0,2.62646,3.59858,0,3.57938,4.85917,0,3.16873,4.2862,0,3.57415,4.73925,0,3.19706,4.61213,0,4.07487,5.68632,0,3.38401,4.53691,0,3.40509,3.4572,0,3.49,4.86,0,2.22832,3.38,0,3.0,3.56,0,2.02,3.08,0,2.42,3.48,0,1.58,2.12,0,1.56,2.75,0,1.91,2.87,0,1.46,2.33,0,2.0,2.91,0,1.57,2.54,0,2.24,3.25,0,1.56,2.44,0,1.56,2.55,0,1.52,2.82,0,1.49,2.48,0,1.75,3.01,0,1.89,2.87,0,2.72,4.29,0,2.23,4.69,0,2.99,5.39,0,2.52,4.23,0,3.2,5.3,0,3.47,4.69,0,3.27,5.29,0,3.4,4.63,0,2.63,3.63,0,1.61,2.43,0,2.24212,2.65944,0,2.71344,3.2814,0,1.84477,2.16567,0,2.58394,3.46123,0,2.12271,2.71184,0,1.84205,2.24161,0,1.87643,2.39566,0,1.86075,2.21646,0,1.71377,2.53873,0,1.68342,2.14847,0,1.99,3.25,0,2.24755,3.52,0,2.57,3.96,0,2.65,3.8,0,2.44,3.43,0,2.69,3.92,0,2.55,3.88,0,2.44,3.77
57,2.47838,3.24638,57,2.12749,2.44787,57,2.79581,2.66567,57,3.09821,3.51964,57,1.91526,2.23582,57,2.32542,2.60587,57,2.42682,2.65551,57,2.32759,2.74833,57,2.33832,2.69297,57,2.42247,2.84455,57,3.54141,4.53566,57,3.83286,5.39371,57,3.07341,4.4069,57,3.19182,4.42455,57,2.57671,3.55293,57,3.6089,4.93374,57,3.29053,4.33651,57,3.77707,4.77589,57,3.15829,4.5266,57,4.13381,5.42192,57,3.44598,4.63179,57,3.40423,3.98972,57,3.47,4.74,57,2.23127,3.37,57,2.99,3.54,57,2.13,3.11,57,2.47,3.48,57,1.6,2.11,57,1.87,2.84,57,1.92,2.88,57,1.41,2.39,57,2.19,2.83,57,1.66,2.49,57,2.16,3.25,57,1.6,2.45,57,1.46,2.59,57,1.72,2.82,57,1.6,2.52,57,1.78,2.98,57,1.79,2.85,57,2.63,4.33,57,2.32,4.68,57,3.49,5.48,57,2.52,4.07,57,3.33,5.26,57,3.49,4.9,57,3.19,5.15,57,3.49,4.66,57,2.42,3.61,57,1.52,2.37,57,2.04765,2.69658,57,2.69591,3.33709,57,1.88074,2.22224,57,2.68691,3.45216,57,2.12095,2.74434,57,1.88525,2.30349,57,2.25648,2.40433,57,1.74227,2.2381,57,2.22448,2.50409,57,1.64621,2.17056,57,2.07,3.2,57,2.28245,3.47,57,2.51,3.99,57,2.59,3.76,57,2.5,3.48,57,2.51,3.92,57,2.6,3.66,57,2.41,3.77
114,2.34171,3.20439,114,2.1377,2.47544,114,2.41256,2.72316,114,3.09358,3.47156,114,1.95551,2.19437,114,2.25916,2.63685,114,2.5017,2.61454,114,2.60634,2.72367,114,2.3854,2.73914,114,2.38299,2.8501,114,3.57735,4.6728,114,4.06871,5.25997,114,3.08625,4.38163,114,3.28304,4.48169,114,2.61969,3.54801,114,3.58294,5.12052,114,3.17623,4.28361,114,3.66308,4.68282,114,3.16832,4.54888,114,4.22148,5.51212,114,3.44896,4.60391,114,3.40757,3.8408,114,3.42,4.72,114,2.3114,3.41,114,2.97,3.53,114,2.16,3.07,114,2.5,3.5,114,1.63,2.18,114,1.74,2.78,114,1.75,2.9,114,1.43,2.35,114,2.18,2.93,114,1.66,2.49,114,2.17,3.19,114,1.65,2.5,114,1.65,2.57,114,1.74,2.82,114,1.39,2.4,114,1.7,2.95,114,1.94,2.89,114,2.56,4.28,114,2.21,4.67,114,3.57,5.41,114,2.53,4.13,114,2.88,5.22,114,3.15,4.95,114,2.98,5.19,114,3.73,4.65,114,2.42,3.73,114,1.6,2.35,114,2.05592,2.67279,114,2.75167,3.34945,114,1.86246,2.2065,114,2.70587,3.46798,114,1.99817,2.6332,114,1.84999,2.25826,114,1.93,2.43076,114,1.86947,2.22543,114,2.12826,2.58211,114,1.65566,2.20074,114,2.04,3.21,114,2.2924,3.48,114,2.57,3.95,114,2.59,3.75,114,2.4,3.45,114,2.32,3.94,114,2.56,3.78,114,2.49,3.75
171,2.40211,3.1634,171,2.15833,2.53486,171,2.53835,2.68919,171,3.08891,3.45954,171,1.94301,2.27361,171,2.20652,2.60102,171,2.43788,2.62444,171,2.33148,2.74423,171,2.31442,2.71385,171,2.53879,2.86279,171,3.55788,4.63463,171,4.04114,5.34143,171,3.08455,4.38154,171,3.13549,4.51914,171,2.58533,3.52581,171,3.64032,4.94421,171,3.22277,4.3404,171,3.71532,5.0154,171,3.14765,4.48913,171,4.16461,5.5876,171,3.41995,4.59939,171,3.47629,4.00143,171,3.39,4.8,171,2.30827,3.47,171,2.97,3.5,171,2.05,3.09,171,2.55,3.55,171,1.61,2.11,171,1.82,2.86,171,1.74,2.9,171,1.4,2.32,171,2.0,2.93,171,1.72,2.53,171,2.13,3.29,171,1.6,2.44,171,1.56,2.56,171,1.73,2.84,171,1.44,2.42,171,1.79,2.96,171,1.86,2.89,171,2.55,4.24,171,2.2,4.66,171,3.44,5.32,171,2.56,4.07,171,3.33,5.24,171,2.64,4.36,171,3.18,5.21,171,3.49,4.66,171,2.43,3.69,171,1.59,2.32,171,2.22313,2.67615,171,2.54876,3.28587,171,1.78883,2.2152,171,2.65706,3.43498,171,1.97376,2.70324,171,1.83199,2.29754,171,2.04089,2.42072,171,1.82265,2.19244,171,2.17104,2.53273,171,1.66808,2.18155,171,2.11,3.25,171,2.16911,3.53,171,2.59,3.88,171,2.72,3.86,171,2.48,3.5,171,2.71,3.92,171,2.43,3.85,171,2.46,3.81
228,2.39569,3.21931,228,2.16451,2.52143,228,2.3067,2.69444,228,3.09472,3.47425,228,1.90059,2.16628,228,2.26163,2.61947,228,2.45206,2.61915,228,2.3011,2.72381,228,2.36913,2.64299,228,2.47955,2.89397,228,3.59224,4.48057,228,4.06666,5.3121,228,3.09689,4.3949,228,3.26848,4.37116,228,2.614,3.59659,228,3.73685,4.96604,228,3.33139,4.34479,228,3.81236,4.90483,228,3.20071,4.42881,228,4.29779,5.75913,228,3.51626,4.60063,228,3.33785,4.25623,228,3.51,4.77,228,2.27957,3.46,228,2.86,3.54,228,1.99,3.06,228,2.55,3.43,228,1.55,2.15,228,1.64,2.78,228,1.87,2.85,228,1.48,2.34,228,2.01,2.96,228,1.69,2.5,228,2.17,3.26,228,1.63,2.46,228,1.52,2.54,228,1.74,2.85,228,1.45,2.43,228,1.78,3.03,228,1.8,2.97,228,2.51,4.28,228,2.25,4.75,228,3.6,5.42,228,2.28,4.13,228,3.33,5.34,228,3.65,4.83,228,2.99,5.22,228,3.62,4.63,228,2.69,4.12,228,1.81,2.36,228,2.15724,2.65532,228,2.88969,3.2331,228,1.86593,2.20213,228,2.61592,3.48743,228,2.14583,2.74329,228,1.91156,2.20887,228,1.90577,2.38841,228,1.79629,2.20362,228,2.11391,2.53562,228,1.67708,2.17063,228,2.0,3.18,228,2.21448,3.48,228,2.59,3.93,228,2.65,3.74,228,2.43,3.41,228,2.59,3.91,228,2.55,3.78,228,2.41,3.81
285,2.70463,3.47769,285,3.07003,3.46652,285,3.58308,4.16021,285,3.46464,4.76139,285,2.22672,2.55021,285,2.33002,2.63208,285,3.31701,3.60051,285,3.62304,3.41124,285,3.03629,3.69325,285,3.16818,4.07333,285,5.6134,7.6694,285,4.22935,5.47871,285,5.14549,7.20236,285,5.13061,8.17221,285,5.29766,6.33714,285,6.28213,8.10395,285,6.07522,8.75389,285,5.35446,7.37341,285,6.47605,7.70861,285,7.94666,9.32758,285,6.56193,8.34551,285,6.01193,7.12855,285,4.04,5.13,285,3.46319,4.67,285,4.52,5.12,285,3.16,5.12,285,4.68,6.51,285,2.61,3.53,285,4.03,5.38,285,4.47,4.23,285,2.69,4.55,285,4.43,4.45,285,3.15,4.25,285,4.31,4.63,285,2.39,4.07,285,2.73,3.5,285,2.95,5.03,285,2.87,3.28,285,2.76,5.48,285,2.96,4.01,285,4.35,7.95,285,3.33,6.67,285,5.81,10.0,285,4.01,6.74,285,5.38,7.58,285,4.17,5.63,285,5.01,9.39,285,5.02,6.36,285,3.99,7.11,285,2.45,3.73,285,3.53635,4.01184,285,4.27888,4.58856,285,2.62692,3.77465,285,3.9541,4.82919,285,2.78161,3.67558,285,2.67914,3.35871,285,2.98189,3.38063,285,2.55795,2.96849,285,3.21402,3.89865,285,2.33783,3.07287,285,4.63,5.84,285,4.7704,5.43,285,5.72,6.73,285,4.44,4.89,285,4.83,6.03,285,4.38,5.55,285,4.86,6.34,285,4.34,5.09
342,3.23205,7.65872,342,2.7116,4.89552,342,3.09782,5.86417,342,3.61957,5.88496,342,2.31623,4.33158,342,3.065,4.51409,342,2.91555,4.98665,342,2.39874,5.12872,342,2.76194,5.33296,342,2.93707,5.82763,342,4.42346,12.3201,342,4.93705,8.75705,342,4.13971,10.5953,342,4.55854,11.2221,342,3.47415,9.60668,342,5.07093,12.9994,342,4.13761,11.6386,342,4.82301,11.4879,342,4.08333,11.7669,342,5.44597,14.7934,342,4.67728,13.0561,342,4.44418,10.7468,342,4.51,9.94,342,3.08474,6.97,342,3.69,7.18,342,3.05,6.85,342,3.39,8.86,342,2.09,4.96,342,2.89,7.26,342,3.3,3.92,342,2.08,5.87,342,3.18,4.01,342,2.35,5.48,342,3.47,4.34,342,2.16,5.28,342,2.62,3.44,342,2.36,6.8,342,2.44,3.17,342,2.41,7.18,342,2.71,3.74,342,3.5,9.8,342,2.78,8.67,342,4.64,11.98,342,3.13,8.15,342,3.94,9.71,342,3.98,6.91,342,4.02,11.57,342,4.15,7.01,342,2.88,8.56,342,1.8,4.79,342,2.76299,6.55407,342,3.48385,7.93951,342,2.39846,5.03506,342,3.43072,7.68756,342,2.4772,5.53585,342,2.18073,4.28616,342,2.90652,4.98198,342,2.40157,4.49059,342,2.64505,5.53005,342,2.09019,4.78601,342,3.34,8.4,342,3.46665,6.78,342,3.64,9.91,342,4.32,6.88,342,3.51,8.92,342,3.71,7.06,342,3.58,9.33,342,3.73,6.41
399,2.60298,8.23652,399,2.52055,5.33996,399,2.85721,5.93646,399,3.40494,6.2306,399,1.99668,4.58494,399,2.79875,5.17215,399,2.65636,5.24126,399,2.59725,5.46618,399,2.61513,5.62036,399,2.73423,6.15515,399,4.0225,12.1462,399,4.26439,9.63925,399,3.66301,11.2276,399,4.00706,11.9759,399,3.11827,10.3015,399,4.34386,14.1889,399,3.79294,12.2007,399,4.48403,12.5391,399,3.68469,12.3615,399,5.04625,16.2343,399,4.14283,13.9795,399,4.01965,11.7341,399,4.1,10.9,399,2.71159,7.75,399,3.27,7.56,399,2.65,7.51,399,3.09,8.98,399,1.89,5.48,399,2.36,8.15,399,2.88,4.07,399,1.9,6.26,399,3.27,4.1,399,2.07,6.05,399,3.11,4.33,399,1.97,5.83,399,2.38,3.49,399,2.17,7.38,399,2.36,3.22,399,2.1,7.76,399,2.62,3.73,399,3.05,10.51,399,2.64,8.89,399,4.1,12.76,399,2.95,8.45,399,3.56,10.38,399,3.72,7.07,399,3.73,12.07,399,3.91,7.09,399,2.73,9.05,399,1.7,5.07,399,2.40521,6.91558,399,2.99993,8.66252,399,2.18752,5.17191,399,3.10684,8.43858,399,2.27466,5.87302,399,2.0363,4.56175,399,2.123,5.09258,399,2.15804,4.97419,399,2.43924,5.75254,399,1.85116,5.21087,399,2.74,9.19,399,3.15478,7.38,399,3.4,10.62,399,3.66,7.56,399,3.04,9.83,399,3.35,7.97,399,3.1,10.34,399,3.2,6.96
456,2.57299,8.18794,456,2.3847,5.4368,456,3.14782,5.89212,456,3.36304,6.36185,456,1.88229,4.54622,456,2.56603,5.20889,456,2.59252,5.06219,456,2.38667,5.4737,456,2.44147,5.36703,456,2.70558,6.14551,456,3.94287,12.4216,456,4.29233,9.86393,456,3.53388,11.2237,456,3.75312,12.0842,456,3.02474,9.91472,456,4.11943,14.4255,456,3.63319,12.0858,456,4.14561,12.473,456,3.65528,12.209,456,4.76271,16.1245,456,4.00515,14.205,456,3.82542,11.7272,456,3.67,11.24,456,2.61585,7.86,456,3.24,7.03,456,2.5,7.66,456,2.86,9.62,456,1.82,5.6,456,2.32,8.39,456,2.73,4.0,456,1.68,6.37,456,2.99,4.05,456,1.94,6.05,456,2.84,4.24,456,1.83,5.95,456,2.14,3.51,456,1.93,7.41,456,2.15,3.2,456,2.07,7.84,456,2.47,3.78,456,2.82,10.57,456,2.39,8.77,456,3.85,12.78,456,2.94,8.38,456,3.34,10.4,456,3.55,7.42,456,3.59,11.63,456,3.83,7.08,456,2.73,9.01,456,1.6,5.19,456,2.33415,6.9074,456,3.059,8.73878,456,2.10443,4.99101,456,2.96737,8.46052,456,2.22364,5.76575,456,1.85961,4.67384,456,1.88896,4.94548,456,1.93768,4.96841,456,2.37928,5.65892,456,1.78253,5.11204,456,2.55,9.47,456,2.79542,7.69,456,3.08,10.64,456,3.45,7.94,456,3.02,9.75,456,3.26,8.34,456,2.87,10.39,456,3.09,7.21
513,2.58001,7.73857,513,2.36276,5.38223,513,2.6616,5.44241,513,3.28571,6.3956,513,1.94342,4.2971,513,2.44658,5.085,513,2.54593,4.9049,513,2.39254,5.3021,513,2.40289,5.17434,513,2.68381,5.86545,513,3.86334,12.13,513,4.05779,9.76033,513,3.44955,10.7618,513,3.70005,12.1204,513,2.90364,9.70522,513,3.94761,13.9065,513,3.59625,11.7099,513,4.24229,12.1066,513,3.49718,11.88,513,4.75063,15.7025,513,3.85407,13.5642,513,3.78815,11.4183,513,3.65,11.54,513,2.58117,7.81,513,3.09,6.98,513,2.37,7.71,513,2.88,9.61,513,1.84,5.51,513,2.26,8.56,513,2.55,4.06,513,1.76,6.22,513,2.9,3.91,513,2.11,6.25,513,2.84,4.31,513,1.77,6.05,513,2.13,3.49,513,1.86,7.32,513,2.16,3.31,513,2.11,7.81,513,2.34,3.79,513,2.8,10.34,513,2.36,8.61,513,3.78,12.59,513,2.73,8.35,513,3.67,10.13,513,3.52,7.26,513,3.59,11.53,513,3.74,7.02,513,2.56,8.51,513,1.68,5.07,513,2.11804,6.75288,513,2.95085,8.60057,513,1.95663,4.70139,513,2.83919,8.226,513,2.24913,5.47119,513,1.87325,4.4346,513,2.38931,4.82943,513,1.8259,4.9279,513,2.29256,5.51146,513,1.68549,4.97467,513,2.49,9.29,513,2.76309,7.91,513,3.06,10.23,513,3.2,8.16,513,2.93,9.6,513,3.12,8.28,513,2.87,10.33,513,3.05,7.44
570,2.52887,7.39658,570,2.29715,5.37597,570,2.64334,5.07429,570,3.24627,6.29762,570,1.91971,4.14662,570,2.41845,4.87689,570,2.59762,4.77344,570,2.68758,5.17778,570,2.41723,4.9776,570,2.54844,5.7197,570,3.77086,10.8674,570,4.18862,9.7851,570,3.46153,10.4091,570,3.61642,11.8315,570,2.81381,8.98041,570,4.00147,13.496,570,3.42774,11.3562,570,4.06941,11.6503,570,3.39572,11.3137,570,4.7165,15.4236,570,3.78766,13.0998,570,3.91285,10.8816,570,3.64,11.73,570,2.50196,7.84,570,3.23,6.91,570,2.45,7.53,570,2.84,9.21,570,1.82,5.51,570,2.05,8.27,570,2.48,3.98,570,1.64,6.12,570,2.64,3.99,570,1.86,6.17,570,2.88,4.31,570,1.88,6.05,570,2.03,3.45,570,1.84,6.98,570,1.96,3.25,570,1.91,7.54,570,2.17,3.73,570,2.91,10.11,570,2.4,8.25,570,3.74,12.31,570,2.82,7.71,570,3.71,10.14,570,3.59,7.23,570,3.33,11.0,570,3.69,6.94,570,2.55,8.27,570,1.54,4.88,570,2.26874,6.5021,570,2.86481,8.2583,570,2.00394,4.46193,570,2.82868,7.78132,570,2.09594,5.17332,570,1.99751,4.25152,570,2.05494,4.5116,570,1.87095,4.75097,570,2.25348,5.31806,570,1.77759,4.83967,570,2.45,9.1,570,2.73594,7.72,570,3.1,9.87,570,3.17,7.88,570,2.76,9.32,570,3.05,8.36,570,2.79,9.92,570,2.98,7.48
627,2.5098,7.00728,627,2.32451,5.17042,627,2.73908,4.82079,627,3.20072,6.18381,627,1.94542,4.01469,627,2.38728,4.6572,627,2.61828,4.57455,627,2.69729,5.02515,627,2.35302,4.72221,627,2.54887,5.45722,627,3.77759,10.6102,627,4.36923,9.66945,627,3.4672,9.97321,627,3.54937,11.5157,627,2.82026,8.70432,627,3.83128,12.8233,627,3.53067,10.7066,627,4.19425,11.3831,627,3.43158,10.6443,627,4.55318,14.8723,627,3.67117,12.5323,627,3.70406,10.61,627,3.57,11.62,627,2.5734,7.42,627,3.04,6.64,627,2.38,7.29,627,2.67,8.99,627,1.74,5.35,627,2.05,8.14,627,2.56,3.98,627,1.56,5.94,627,2.66,4.14,627,1.79,5.91,627,2.79,4.3,627,1.85,5.87,627,2.03,3.48,627,1.85,6.74,627,1.89,3.26,627,1.97,7.33,627,2.1,3.69,627,2.85,9.77,627,2.42,8.15,627,3.82,11.83,627,2.62,7.82,627,3.42,9.94,627,3.5,6.75,627,3.11,10.47,627,3.6,6.82,627,2.59,8.26,627,1.63,4.76,627,2.11797,6.36487,627,2.9336,7.92022,627,1.97438,4.18255,627,2.82585,7.48515,627,2.17246,5.00887,627,1.75403,4.06299,627,2.14555,4.36001,627,1.86795,4.53951,627,2.28101,5.1709,627,1.72647,4.63419,627,2.43,8.94,627,2.55619,7.74,627,2.89,9.61,627,3.13,8.02,627,2.74,9.08,627,2.94,8.34,627,2.86,9.61,627,2.88,7.44
684,2.56697,6.63372,684,2.25976,4.96179,684,2.60636,4.67443,684,3.22642,6.0553,684,2.0573,3.85815,684,2.2788,4.40598,684,2.49979,4.34606,684,2.0228,4.8356,684,2.34107,4.41894,684,2.54939,5.15686,684,3.50048,10.3637,684,4.30152,9.54304,684,3.30916,9.75199,684,3.4624,11.2549,684,2.80045,8.29923,684,3.96768,12.3368,684,3.41621,10.3783,684,4.09378,11.0652,684,3.13059,10.2526,684,4.45462,13.9203,684,3.68009,11.839,684,3.83721,10.1168,684,3.56,10.97,684,2.49727,7.25,684,2.98,6.15,684,2.32,7.12,684,2.72,8.8,684,1.77,5.11,684,2.16,7.96,684,2.57,3.95,684,1.76,5.69,684,2.61,4.06,684,1.83,5.86,684,2.65,4.2,684,1.68,5.78,684,2.13,3.46,684,1.82,6.49,684,1.94,3.27,684,1.92,7.15,684,2.2,3.74,684,2.86,9.65,684,2.36,7.79,684,3.76,11.55,684,2.64,7.47,684,3.47,9.69,684,3.63,6.94,684,3.42,9.97,684,3.77,6.74,684,2.6,7.79,684,1.62,4.63,684,2.34951,5.94616,684,2.82733,7.61216,684,1.95936,4.06733,684,2.86866,7.18159,684,2.2747,4.68364,684,1.81004,3.9395,684,1.99454,4.12555,684,1.79463,4.35645,684,2.18682,4.86947,684,1.77579,4.4688,684,2.43,8.63,684,2.61287,7.73,684,3.03,9.39,684,3.07,7.78,684,2.49,8.62,684,2.91,8.03,684,2.75,9.43,684,2.81,7.48
741,2.50033,6.29608,741,2.23326,4.84909,741,2.71721,4.39188,741,3.2063,5.97228,741,1.93538,3.67621,741,2.43903,4.1783,741,2.52905,4.14981,741,2.55945,4.62727,741,2.38159,4.39748,741,2.46952,4.96513,741,3.73595,9.8678,741,4.33733,9.43318,741,3.30908,9.61937,741,3.46948,10.9753,741,2.71121,7.629,741,3.8479,11.8377,741,3.39867,9.93749,741,3.96349,10.4693,741,3.35637,9.87302,741,4.59467,13.3503,741,3.61496,11.3531,741,3.70955,9.79139,741,3.54,10.92,741,2.42514,7.13,741,2.96,6.11,741,2.29,6.79,741,2.61,8.18,741,1.79,5.0,741,1.9,7.79,741,2.44,4.0,741,1.45,5.41,741,2.54,3.97,741,1.68,5.71,741,2.57,4.18,741,1.77,5.62,741,1.93,3.46,741,1.83,6.2,741,2.02,3.17,741,1.93,6.88,741,2.16,3.63,741,2.8,9.21,741,2.34,7.63,741,3.71,11.0,741,2.54,7.1,741,4.01,9.27,741,3.78,6.65,741,3.42,9.72,741,3.64,6.61,741,2.65,7.56,741,1.68,4.43,741,2.22357,5.56752,741,2.74785,7.24402,741,1.89985,3.83014,741,2.84923,6.81975,741,2.09968,4.45592,741,1.85533,3.6297,741,2.11176,3.90313,741,1.79923,4.17007,741,2.27228,4.80509,741,1.82759,4.31949,741,2.36,8.35,741,2.57903,7.67,741,2.86,8.96,741,2.88,7.79,741,2.72,8.32,741,2.68,7.88,741,2.69,8.92,741,2.85,7.39
798,2.5395,5.93857,798,2.19316,4.77895,798,2.63556,4.22362,798,3.21671,5.77633,798,1.89624,3.54864,798,2.3834,4.05609,798,2.5573,4.06119,798,1.86562,4.49639,798,2.43982,4.14387,798,2.57637,4.7822,798,3.64029,9.6109,798,4.18207,9.24143,798,3.35905,9.08089,798,3.4017,10.8408,798,2.71815,7.4763,798,3.91191,11.2321,798,3.40138,9.5251,798,3.85267,10.039,798,3.27608,9.21829,798,4.60097,12.7421,798,3.7025,10.7865,798,3.86364,9.51555,798,3.44,10.21,798,2.44568,6.93,798,3.01,5.92,798,2.25,6.68,798,2.63,8.0,798,1.7,4.79,798,2.05,7.59,798,2.3,3.99,798,1.58,5.23,798,2.56,3.82,798,1.83,5.54,798,2.68,4.26,798,1.73,5.51,798,2.11,3.38,798,1.88,6.04,798,1.85,3.24,798,1.79,6.66,798,2.15,3.71,798,2.74,8.92,798,2.23,7.31,798,3.67,10.65,798,2.52,7.08,798,3.61,9.07,798,3.59,6.55,798,3.44,9.37,798,3.65,6.53,798,2.5,7.11,798,1.63,4.25,798,2.12868,5.29953,798,2.8163,7.04139,798,1.96085,3.72543,798,2.68295,6.5472,798,2.11033,4.30384,798,1.89656,3.59571,798,1.35338,3.73305,798,1.88236,4.04835,798,2.15063,4.58502,798,1.71198,4.0488,798,2.22,8.19,798,2.62084,7.42,798,2.89,8.77,798,2.95,7.62,798,2.7,8.08,798,2.83,7.58,798,2.67,8.54,798,2.73,7.26
855,2.55163,5.76418,855,2.17341,4.55394,855,2.79739,4.07148,855,3.22915,5.63342,855,1.96959,3.35893,855,2.3098,3.88185,855,2.47459,3.91342,855,2.60067,4.3904,855,2.39283,4.02717,855,2.55664,4.59029,855,3.5711,8.84839,855,4.1372,8.90877,855,3.28897,8.72558,855,3.3577,10.4035,855,2.76259,7.18759,855,3.86144,10.853,855,3.33673,9.07889,855,3.92509,9.66091,855,3.2618,8.88781,855,4.56411,12.3671,855,3.65193,10.4881,855,3.50678,9.03093,855,3.46,9.52,855,2.39691,6.58,855,3.04,5.78,855,2.25,6.34,855,2.59,7.65,855,1.66,4.64,855,1.88,7.08,855,2.35,3.87,855,1.54,5.07,855,2.65,3.86,855,1.71,5.34,855,2.75,4.22,855,1.7,5.36,855,1.98,3.47,855,1.81,5.78,855,1.81,3.16,855,1.89,6.43,855,2.1,3.6,855,2.8,8.68,855,2.32,7.22,855,3.66,10.41,855,2.71,6.76,855,3.33,8.53,855,3.65,6.09,855,3.41,8.88,855,3.58,6.41,855,2.51,6.96,855,1.68,4.14,855,2.11059,5.20821,855,2.82402,6.65592,855,1.93692,3.50829,855,2.76643,6.28229,855,2.01421,4.07309,855,1.86258,3.44736,855,2.04054,3.63886,855,1.8459,3.89271,855,2.01315,4.37981,855,1.73114,3.91197,855,2.16,7.88,855,2.49848,7.19,855,3.0,8.27,855,2.91,7.39,855,2.62,7.73,855,2.67,7.48,855,2.75,8.4,855,2.89,7.2
912,2.53218,5.57112,912,2.20909,4.4198,912,2.80314,3.89978,912,3.17246,5.50517,912,1.98559,3.1617,912,2.40256,3.74714,912,2.44708,3.79391,912,2.3955,4.25973,912,2.31731,3.82434,912,2.47848,4.3906,912,3.58137,8.80569,912,4.23813,8.59247,912,3.2645,8.53793,912,3.29467,9.84133,912,2.68193,6.8478,912,3.78462,10.6667,912,3.22714,8.77182,912,3.97818,9.11496,912,3.2665,8.39418,912,4.4972,11.8707,912,3.55497,10.0926,912,3.89304,8.5747,912,3.53,9.43,912,2.39116,6.39,912,2.99,5.57,912,2.14,6.2,912,2.74,7.37,912,1.74,4.49,912,1.96,7.26,912,2.28,3.87,912,1.69,4.85,912,2.49,3.74,912,1.72,5.09,912,2.65,4.27,912,1.74,5.22,912,1.91,3.36,912,1.74,5.61,912,1.73,3.07,912,1.9,6.17,912,2.15,3.67,912,2.61,8.28,912,2.22,7.06,912,3.57,10.07,912,2.86,6.63,912,3.28,8.4,912,3.63,6.48,912,3.29,8.9,912,3.54,6.32,912,2.68,6.99,912,1.71,4.08,912,2.06618,4.88637,912,2.81615,6.44156,912,1.93596,3.40978,912,2.734,6.00267,912,2.09075,3.87318,912,1.93533,3.32217,912,1.96062,3.50335,912,1.80131,3.68946,912,2.19777,4.22646,912,1.60289,3.76765,912,2.15,7.46,912,2.51925,7.0,912,2.83,7.91,912,2.78,7.24,912,2.69,7.3,912,2.9,7.5,912,2.73,7.86,912,2.79,7.03
969,2.51547,5.36245,969,2.19905,4.27888,969,2.65855,3.89582,969,3.18474,5.35376,969,1.9068,3.18031,969,2.41154,3.69962,969,2.44268,3.68186,969,2.42115,4.15747,969,2.35969,3.79271,969,2.48767,4.26321,969,3.62616,8.25503,969,4.17342,8.46067,969,3.28726,8.14931,969,3.3355,9.82012,969,2.68635,6.53195,969,3.80204,10.2541,969,3.33267,8.40112,969,3.85278,8.92419,969,3.24759,8.22534,969,4.42764,11.3501,969,3.5874,9.47104,969,3.5891,8.36724,969,3.58,9.1,969,2.4887,6.07,969,2.9,5.41,969,2.19,6.07,969,2.67,7.11,969,1.66,4.21,969,1.91,7.06,969,2.36,3.89,969,1.48,4.66,969,2.37,3.89,969,1.83,5.07,969,2.62,4.13,969,1.64,5.2,969,2.02,3.41,969,1.76,5.42,969,1.8,3.15,969,1.86,6.01,969,2.05,3.68,969,2.73,8.14,969,2.25,6.75,969,3.5,9.68,969,2.6,6.49,969,3.46,8.31,969,3.26,6.2,969,3.45,8.38,969,3.71,6.23,969,2.56,6.64,969,1.66,3.96,969,2.12807,4.6036,969,2.89313,6.19722,969,1.94081,3.28743,969,2.73603,5.84011,969,2.17266,3.79566,969,1.92423,3.24074,969,1.99586,3.40692,969,1.8015,3.65371,969,2.23601,4.10721,969,1.7226,3.67677,969,2.26,7.28,969,2.45099,6.72,969,2.82,7.71,969,2.87,7.04,969,2.61,7.06,969,2.73,7.19,969,2.66,7.63,969,2.66,6.87
1026,2.46314,5.182,1026,2.20168,4.1563,1026,2.57899,3.63378,1026,3.23146,5.27551,1026,1.86044,3.00486,1026,2.3339,3.5687,1026,2.51898,3.56809,1026,2.5675,4.0807,1026,2.31773,3.70383,1026,2.51283,4.11376,1026,3.58309,7.87578,1026,4.11363,8.18844,1026,3.26135,7.83754,1026,3.3939,9.35352,1026,2.61888,6.34834,1026,3.81727,9.91298,1026,3.33067,8.03504,1026,4.0107,8.54168,1026,3.281,7.7739,1026,4.52903,10.833,1026,3.52372,9.11051,1026,3.81072,8.05469,1026,3.61,9.03,1026,2.39785,6.03,1026,2.87,5.24,1026,2.2,5.89,1026,2.71,6.73,1026,1.71,4.17,1026,1.85,6.95,1026,2.3,3.86,1026,1.57,4.59,1026,2.4,3.74,1026,1.82,4.9,1026,2.65,4.14,1026,1.74,4.95,1026,1.94,3.29,1026,1.88,5.21,1026,1.92,3.21,1026,1.83,5.75,1026,2.15,3.52,1026,2.69,7.72,1026,2.22,6.67,1026,3.49,9.46,1026,2.71,6.15,1026,3.63,8.16,1026,3.62,6.35,1026,3.34,8.03,1026,3.56,6.12,1026,2.49,6.47,1026,1.68,3.76,1026,2.14219,4.58882,1026,2.73269,5.94522,1026,1.86797,3.19288,1026,2.73687,5.65834,1026,2.09052,3.81898,1026,1.87505,3.11447,1026,1.98548,3.30654,1026,1.90695,3.45617,1026,2.24408,3.99756,1026,1.70241,3.60614,1026,2.24,7.09,1026,2.43395,6.6,1026,2.75,7.52,1026,2.82,6.81,1026,2.65,6.91,1026,2.78,7.02,1026,2.6,7.31,1026,2.58,6.74
1083,2.40449,4.98844,1083,2.2569,4.04131,1083,2.68088,3.57368,1083,3.14303,5.19882,1083,1.89794,2.99247,1083,2.30852,3.39354,1083,2.48407,3.44327,1083,2.32665,3.94168,1083,2.37979,3.53435,1083,2.53871,4.06972,1083,3.57933,7.78996,1083,4.20582,7.84888,1083,3.22958,7.69487,1083,3.35547,9.07476,1083,2.66008,5.96926,1083,3.77023,9.47605,1083,3.30136,7.53531,1083,3.90097,8.40555,1083,3.22549,7.76868,1083,4.33828,10.9493,1083,3.60061,8.73232,1083,3.63425,7.73882,1083,3.52,8.75,1083,2.4485,5.86,1083,2.95,5.1,1083,2.15,5.71,1083,2.68,6.69,1083,1.68,4.14,1083,1.88,6.66,1083,2.35,3.79,1083,1.54,4.3,1083,2.63,3.81,1083,1.64,4.81,1083,2.48,4.19,1083,1.68,4.88,1083,1.89,3.37,1083,1.76,4.98,1083,1.81,3.1,1083,1.77,5.56,1083,2.0,3.53,1083,2.52,7.71,1083,2.21,6.43,1083,3.57,9.23,1083,2.7,6.09,1083,3.47,7.84,1083,3.57,6.02,1083,3.4,7.92,1083,3.63,6.05,1083,2.69,6.28,1083,1.62,3.74,1083,2.10249,4.35782,1083,2.71947,5.78842,1083,1.92383,3.01688,1083,2.78117,5.47128,1083,2.05863,3.68029,1083,1.93805,3.10876,1083,1.97707,3.23429,1083,1.76907,3.39716,1083,2.12271,3.87732,1083,1.70436,3.4179,1083,2.14,6.97,1083,2.43211,6.34,1083,2.67,7.29,1083,2.72,6.82,1083,2.63,6.69,1083,2.65,6.82,1083,2.47,7.02,1083,2.69,6.62
1140,2.55683,4.87108,1140,2.18287,3.88452,1140,2.52517,3.50234,1140,3.13655,5.05311,1140,1.90428,2.86217,1140,2.32737,3.30687,1140,2.46952,3.35567,1140,2.34451,3.76911,1140,2.3377,3.45525,1140,2.51436,3.9681,1140,3.55887,7.36916,1140,4.1635,7.99895,1140,3.2399,7.39042,1140,3.35385,8.76949,1140,2.74154,5.7274,1140,3.7849,8.96089,1140,3.26481,7.45875,1140,3.86607,7.99656,1140,3.19613,7.36728,1140,4.29,10.7244,1140,3.54656,8.3288,1140,3.74916,7.57654,1140,3.43,8.36,1140,2.40036,5.63,1140,2.89,5.02,1140,2.1,5.47,1140,2.56,6.76,1140,1.73,3.96,1140,1.8,6.44,1140,2.19,3.75,1140,1.47,4.3,1140,2.34,3.75,1140,1.72,4.62,1140,2.55,4.08,1140,1.63,4.74,1140,1.92,3.25,1140,1.68,4.87,1140,1.9,3.06,1140,1.76,5.39,1140,2.07,3.57,1140,2.63,7.34,1140,2.3,6.24,1140,3.67,9.01,1140,2.59,5.85,1140,3.23,7.6,1140,3.63,5.67,1140,3.27,7.71,1140,3.55,5.99,1140,2.39,5.85,1140,1.61,3.62,1140,2.18384,4.16162,1140,2.82211,5.6389,1140,1.86936,2.99931,1140,2.70122,5.20764,1140,2.0746,3.6044,1140,1.84176,3.02679,1140,2.19701,3.09675,1140,1.93139,3.26268,1140,2.30507,3.78388,1140,1.70675,3.31592,1140,2.09,6.63,1140,2.31422,6.29,1140,2.68,6.91,1140,2.81,6.72,1140,2.67,6.41,1140,2.65,6.6,1140,2.68,6.78,1140,2.61,6.37
1197,2.49816,4.71772,1197,2.19694,3.81115,1197,2.66944,3.39957,1197,3.18087,4.96453,1197,1.85075,2.80314,1197,2.46537,3.30769,1197,2.44826,3.34972,1197,2.40856,3.74607,1197,2.33281,3.35663,1197,2.46873,3.89836,1197,3.62851,7.19869,1197,4.10648,7.53485,1197,3.23166,7.07081,1197,3.32993,8.59185,1197,2.66558,5.77987,1197,3.7576,8.451,1197,3.21082,7.17924,1197,3.96657,7.89535,1197,3.23789,7.02152,1197,4.39156,10.2146,1197,3.68431,8.01451,1197,3.86331,7.15215,1197,3.52,8.03,1197,2.46005,5.58,1197,3.01,4.86,1197,2.2,5.32,1197,2.8,6.42,1197,1.67,3.77,1197,1.97,6.22,1197,2.17,3.73,1197,1.46,4.04,1197,2.43,3.68,1197,1.72,4.53,1197,2.43,4.11,1197,1.62,4.65,1197,1.91,3.23,1197,1.69,4.72,1197,2.06,3.01,1197,1.88,5.25,1197,2.08,3.53,1197,2.6,7.14,1197,2.19,6.26,1197,3.68,8.53,1197,2.42,5.86,1197,3.03,7.49,1197,3.35,5.87,1197,3.17,7.5,1197,3.51,5.87,1197,2.45,6.01,1197,1.67,3.53,1197,2.18608,4.03411,1197,2.70375,5.48216,1197,1.94128,2.91407,1197,2.68085,5.13348,1197,1.97262,3.50451,1197,1.90712,2.97168,1197,2.00041,3.07084,1197,1.85636,3.21054,1197,2.12113,3.65844,1197,1.69066,3.21894,1197,2.23,6.3,1197,2.3958,6.15,1197,2.7,6.73,1197,2.71,6.53,1197,2.66,6.12,1197,2.88,6.5,1197,2.55,6.66,1197,2.67,6.34
1254,2.4598,4.53895,1254,2.19648,3.73297,1254,2.58975,3.45307,1254,3.12232,4.95075,1254,1.98321,2.75407,1254,2.31285,3.21326,1254,2.42656,3.28978,1254,2.26346,3.66133,1254,2.35246,3.39186,1254,2.40058,3.78789,1254,3.56492,7.01214,1254,4.13743,7.7446,1254,3.17913,6.98335,1254,3.34309,8.31536,1254,2.63794,5.33964,1254,3.70656,8.56674,1254,3.23495,6.88378,1254,3.79659,7.5798,1254,3.26829,6.9956,1254,4.29854,9.65127,1254,3.60753,7.90812,1254,3.67476,6.96802,1254,3.6,8.16,1254,2.41834,5.42,1254,2.96,4.78,1254,2.09,5.2,1254,2.67,6.15,1254,1.67,3.66,1254,1.99,6.08,1254,2.17,3.76,1254,1.57,3.96,1254,2.36,3.73,1254,1.81,4.48,1254,2.54,3.98,1254,1.62,4.59,1254,1.94,3.28,1254,1.72,4.57,1254,1.85,3.01,1254,1.76,5.09,1254,2.03,3.52,1254,2.66,6.92,1254,2.27,6.18,1254,3.57,8.35,1254,2.75,5.74,1254,3.56,7.29,1254,3.46,5.97,1254,3.41,7.41,1254,3.57,5.77,1254,2.41,5.69,1254,1.67,3.47,1254,2.15835,3.95484,1254,2.86081,5.21137,1254,1.92716,2.86807,1254,2.68631,4.95439,1254,2.11033,3.43163,1254,1.88818,2.82912,1254,2.21564,3.01367,1254,1.8549,3.09701,1254,2.11616,3.6065,1254,1.59846,3.17421,1254,2.23,6.25,1254,2.37966,5.95,1254,2.67,6.53,1254,2.72,6.26,1254,2.63,5.94,1254,2.71,6.46,1254,2.64,6.44,1254,2.66,6.32
1311,2.29938,4.30641,1311,2.20326,3.66638,1311,2.58698,3.33431,1311,3.06947,4.71045,1311,1.88972,2.66272,1311,2.1773,3.19541,1311,2.45353,3.18267,1311,2.37247,3.5291,1311,2.31169,3.25118,1311,2.49685,3.68119,1311,3.55362,7.0617,1311,4.09492,7.55649,1311,3.23991,6.86645,1311,3.20383,8.03843,1311,2.62522,5.33067,1311,3.69286,8.34034,1311,3.22807,6.72554,1311,3.77728,7.29462,1311,3.14098,6.60167,1311,4.32775,9.27886,1311,3.58289,7.58968,1311,3.84718,6.73736,1311,3.4,7.99,1311,2.33069,5.31,1311,3.06,4.49,1311,2.15,5.08,1311,2.58,5.89,1311,1.62,3.78,1311,1.85,5.8,1311,2.28,3.77,1311,1.55,3.82,1311,2.35,3.77,1311,1.84,4.31,1311,2.62,3.97,1311,1.7,4.37,1311,1.95,2.96,1311,1.77,4.54,1311,1.86,3.0,1311,1.89,5.02,1311,2.08,3.51,1311,2.57,6.77,1311,2.28,6.03,1311,3.6,8.21,1311,2.61,5.58,1311,3.17,7.15,1311,3.63,5.61,1311,3.18,7.25,1311,3.54,5.73,1311,2.52,5.53,1311,1.54,3.36,1311,2.1021,3.82314,1311,2.62933,5.06216,1311,1.92954,2.85504,1311,2.72248,4.74662,1311,2.08818,3.28987,1311,1.98693,2.78273,1311,1.91438,2.97523,1311,1.75758,3.04343,1311,2.21492,3.53181,1311,1.71326,3.0201,1311,2.13,6.06,1311,2.36266,5.97,1311,2.79,6.34,1311,2.69,6.17,1311,2.6,5.72,1311,2.68,6.28,1311,2.66,6.16,1311,2.73,6.14
1368,2.32474,4.35765,1368,2.22351,3.59867,1368,2.79514,3.32352,1368,3.20397,4.6869,1368,1.9405,2.6695,1368,2.23305,2.96483,1368,2.45897,3.1352,1368,2.41361,3.46783,1368,2.33003,3.20413,1368,2.52013,3.64943,1368,3.56533,6.73327,1368,4.07426,7.32655,1368,3.11103,6.52371,1368,3.32082,8.10192,1368,2.66872,5.03235,1368,3.73362,7.96073,1368,3.18143,6.4827,1368,3.81757,7.22734,1368,3.20521,6.64212,1368,4.41836,8.85904,1368,3.56765,7.42234,1368,3.72511,6.58236,1368,3.45,8.06,1368,2.40365,5.25,1368,2.94,4.58,1368,2.07,4.95,1368,2.72,5.63,1368,1.72,3.56,1368,1.92,5.76,1368,2.21,3.64,1368,1.44,3.71,1368,2.31,3.51,1368,1.73,4.17,1368,2.43,3.96,1368,1.58,4.3,1368,1.94,3.21,1368,1.76,4.39,1368,1.83,2.96,1368,1.74,4.83,1368,1.97,3.5,1368,2.78,6.62,1368,2.17,6.04,1368,3.69,7.95,1368,2.38,5.58,1368,3.26,7.0,1368,3.56,5.79,1368,3.3,7.17,1368,3.53,5.67,1368,2.62,5.31,1368,1.62,3.38,1368,2.21587,3.72888,1368,2.80124,5.04462,1368,1.81557,2.68982,1368,2.71221,4.80438,1368,1.95786,3.32743,1368,1.90108,2.792,1368,2.00743,2.91298,1368,1.81503,2.92305,1368,1.76145,3.46992,1368,1.73997,3.00413,1368,2.11,5.85,1368,2.29064,5.8,1368,2.67,6.18,1368,2.81,6.12,1368,2.7,5.52,1368,2.39,6.2,1368,2.54,6.04,1368,2.71,6.02
1425,2.41605,4.40803,1425,2.18877,3.48092,1425,2.73369,3.24788,1425,3.0934,4.68002,1425,1.94096,2.55197,1425,2.23617,3.01867,1425,2.47375,3.0811,1425,2.77193,3.4943,1425,2.36581,3.15947,1425,2.56324,3.61645,1425,3.61206,6.21735,1425,4.10334,7.19364,1425,3.12985,6.52281,1425,3.32632,7.47326,1425,2.64998,5.03811,1425,3.80334,7.65939,1425,3.15865,6.25046,1425,3.76151,7.40048,1425,3.13494,6.27924,1425,4.46784,8.81104,1425,3.66159,7.09276,1425,3.73833,6.65748,1425,3.38,7.81,1425,2.27346,5.07,1425,2.9,4.29,1425,2.02,4.73,1425,2.54,5.6,1425,1.69,3.44,1425,2.0,5.65,1425,2.33,3.63,1425,1.48,3.6,1425,2.15,3.6,1425,1.67,4.19,1425,2.44,4.06,1425,1.71,4.22,1425,1.92,2.97,1425,1.7,4.27,1425,1.7,2.97,1425,1.89,4.64,1425,2.04,3.39,1425,2.61,6.32,1425,2.21,5.85,1425,3.64,7.92,1425,2.93,5.34,1425,3.55,6.82,1425,3.36,5.47,1425,3.29,7.08,1425,3.44,5.66,1425,2.47,5.23,1425,1.57,3.22,1425,2.12157,3.65136,1425,2.84609,4.84456,1425,1.80515,2.69855,1425,2.74477,4.60695,1425,2.23639,3.25643,1425,1.8697,2.71486,1425,2.22196,2.87786,1425,1.84946,2.89414,1425,2.22325,3.34683,1425,1.7235,2.97525,1425,2.11,5.52,1425,2.20191,5.63,1425,2.61,5.99,1425,2.74,6.08,1425,2.68,5.4,1425,2.49,5.97,1425,2.61,5.93,1425,2.58,5.95
1482,2.44047,4.28882,1482,2.20305,3.45513,1482,2.64826,3.13303,1482,3.15685,4.61658,1482,1.90972,2.57236,1482,2.30005,3.07081,1482,2.49652,3.05157,1482,2.26772,3.48045,1482,2.3133,3.10969,1482,2.58831,3.55193,1482,3.51783,6.25466,1482,3.81479,7.17687,1482,3.15005,6.2534,1482,3.34596,7.35466,1482,2.64351,4.91916,1482,3.67591,7.81159,1482,3.3804,6.14572,1482,3.82159,6.69466,1482,3.15327,6.07581,1482,4.39328,8.50757,1482,3.51783,6.99188,1482,3.68474,6.24047,1482,3.41,7.6,1482,2.40502,4.95,1482,2.94,4.46,1482,2.16,4.71,1482,2.62,5.47,1482,1.66,3.36,1482,1.84,5.41,1482,2.13,3.55,1482,1.51,3.56,1482,2.32,3.62,1482,1.68,4.09,1482,2.48,3.95,1482,1.62,4.13,1482,1.85,3.17,1482,1.71,4.09,1482,1.86,2.98,1482,1.93,4.54,1482,1.92,3.46,1482,2.64,6.35,1482,2.19,5.78,1482,3.48,7.63,1482,2.72,5.39,1482,3.53,6.72,1482,3.4,5.63,1482,3.28,6.75,1482,3.48,5.55,1482,2.51,5.07,1482,1.52,3.11,1482,2.20532,3.62513,1482,2.68747,4.82781,1482,1.8551,2.70777,1482,2.60412,4.51351,1482,2.14698,3.19853,1482,1.94088,2.74569,1482,1.55736,2.81889,1482,1.77566,2.82697,1482,2.19591,3.27503,1482,1.70868,2.90811,1482,2.1,5.48,1482,2.34356,5.54,1482,2.68,5.83,1482,2.66,5.85,1482,2.74,5.29,1482,2.45,5.85,1482,2.6,5.78,1482,2.64,5.86
1539,2.43314,4.09344,1539,2.16444,3.41568,1539,3.09303,3.00847,1539,3.03564,4.6047,1539,1.9241,2.50057,1539,2.28853,3.00172,1539,2.49315,3.01532,1539,2.35404,3.34477,1539,2.36494,3.01325,1539,2.56327,3.44657,1539,3.44012,6.12552,1539,4.11495,7.05015,1539,3.17031,6.11398,1539,3.33959,7.32538,1539,2.6249,4.73179,1539,3.67547,7.15124,1539,3.24229,5.98065,1539,3.8332,6.57555,1539,3.20897,6.00794,1539,4.105,8.38414,1539,3.6531,6.79406,1539,3.58991,6.17162,1539,3.5,7.44,1539,2.29583,4.94,1539,3.03,4.38,1539,2.07,4.56,1539,2.51,5.42,1539,1.73,3.37,1539,1.87,5.35,1539,2.1,3.58,1539,1.48,3.41,1539,2.29,3.48,1539,1.72,4.06,1539,2.45,3.99,1539,1.66,4.05,1539,1.99,3.25,1539,1.78,4.05,1539,1.79,2.97,1539,1.86,4.36,1539,1.93,3.42,1539,2.57,6.1,1539,2.17,5.76,1539,3.86,7.55,1539,2.26,5.3,1539,3.68,6.68,1539,3.58,5.54,1539,3.31,6.44,1539,3.52,5.51,1539,2.51,5.03,1539,1.65,3.1,1539,2.18441,3.45297,1539,2.72882,4.6692,1539,1.88667,2.61343,1539,2.73965,4.41674,1539,1.9989,3.11791,1539,1.85573,2.63463,1539,2.1452,2.76413,1539,1.7547,2.79082,1539,2.12593,3.20827,1539,1.68234,2.80817,1539,2.15,5.38,1539,2.26942,5.37,1539,2.7,5.7,1539,2.6,5.75,1539,2.79,5.19,1539,2.89,5.77,1539,2.58,5.55,1539,2.63,5.7
1596,2.3866,4.00639,1596,2.20346,3.30256,1596,2.72288,3.13497,1596,3.1506,4.33279,1596,1.86468,2.51059,1596,2.33977,2.97706,1596,2.53211,3.0,1596,2.38432,3.31027,1596,2.34427,3.04126,1596,2.58137,3.46546,1596,3.57127,5.83154,1596,4.14639,7.02443,1596,3.19131,6.11335,1596,3.30134,7.00549,1596,2.63239,4.57978,1596,3.61082,7.14899,1596,3.23707,5.82084,1596,3.79214,6.30052,1596,3.23486,5.94455,1596,4.3555,8.19288,1596,3.53299,6.57674,1596,3.76424,6.07069,1596,3.5,7.08,1596,2.35646,4.72,1596,3.03,4.38,1596,2.04,4.4,1596,2.5,5.16,1596,1.64,3.16,1596,1.82,5.19,1596,2.13,3.6,1596,1.58,3.31,1596,2.3,3.46,1596,1.75,3.88,1596,2.41,3.91,1596,1.7,3.96,1596,1.95,3.03,1596,1.73,3.93,1596,1.71,2.95,1596,1.78,4.32,1596,2.1,3.48,1596,2.51,6.0,1596,2.3,5.64,1596,3.64,7.27,1596,2.56,5.08,1596,3.17,6.59,1596,3.49,5.32,1596,3.24,6.48,1596,3.37,5.45,1596,2.42,5.18,1596,1.55,3.05,1596,2.22769,3.38328,1596,2.79689,4.56427,1596,1.91317,2.54915,1596,2.71673,4.35218,1596,2.09784,3.03778,1596,1.94247,2.60187,1596,2.14388,2.71281,1596,1.73481,2.79742,1596,2.28721,3.1161,1596,1.74234,2.76291,1596,2.2,5.31,1596,2.3722,5.37,1596,2.62,5.73,1596,2.73,5.65,1596,2.68,5.0,1596,2.71,5.69,1596,2.55,5.5,1596,2.55,5.59
1653,2.51768,3.82474,1653,2.19708,3.28029,1653,2.67448,3.01702,1653,3.12879,4.36261,1653,1.7757,2.51059,1653,2.31007,3.00178,1653,2.48324,2.96279,1653,2.40024,3.30551,1653,2.23575,2.97408,1653,2.44165,3.35839,1653,3.54227,5.9498,1653,4.03108,6.83303,1653,3.18466,5.85901,1653,3.25704,6.87353,1653,2.62674,4.5514,1653,3.63657,6.98189,1653,3.14302,5.61497,1653,3.91845,6.07955,1653,3.23735,5.83311,1653,4.41686,8.07988,1653,3.52688,6.39109,1653,3.82361,5.95279,1653,3.34,7.06,1653,2.33319,4.67,1653,3.02,4.29,1653,2.03,4.31,1653,2.52,5.16,1653,1.68,3.17,1653,1.78,4.88,1653,1.96,3.52,1653,1.45,3.26,1653,2.04,3.52,1653,1.66,3.81,1653,2.36,3.95,1653,1.58,3.92,1653,1.73,2.95,1653,1.8,3.85,1653,1.81,2.92,1653,1.73,4.24,1653,1.99,3.39,1653,2.46,6.04,1653,2.18,5.61,1653,3.47,7.19,1653,2.26,4.96,1653,3.28,6.5,1653,3.49,5.22,1653,3.29,6.26,1653,3.49,5.37,1653,2.42,4.72,1653,1.64,3.0,1653,2.11898,3.47554,1653,2.7908,4.47056,1653,1.84499,2.55291,1653,2.66614,4.20617,1653,2.03057,3.06015,1653,1.88553,2.5785,1653,2.135,2.67249,1653,1.8571,2.69637,1653,2.31586,3.08482,1653,1.72646,2.74832,1653,2.14,5.15,1653,2.25243,5.27,1653,2.64,5.55,1653,2.65,5.5,1653,2.68,4.97,1653,2.74,5.62,1653,2.64,5.32,1653,2.61,5.52
